{
	"description": "C2b vector-search parity fixture: a normalized synthetic query vector and the ordered top-k (id, cosine score) that edge-reco Python VectorSearcher returns over the real examples/catalog embeddings.f32. Regenerate with scripts/gen_search_fixture.py.",
	"embedding_dim": 384,
	"k": 10,
	"query_vector": [
		-0.04106732830405235, -0.03325660154223442, 0.07162105292081833,
		0.05580710247159004, -0.11201237887144089, -0.09829690307378769,
		0.05318484082818031, -0.029852351173758507, -0.025957239791750908,
		-0.061335016041994095, 0.02514244243502617, 0.012213201262056828,
		0.00257506943307817, 0.027675243094563484, 0.036068595945835114,
		-0.04353043809533119, 0.03349215164780617, -0.0325755774974823,
		0.007939174771308899, -0.05329812318086624, -0.009732824750244617,
		-0.034764744341373444, 0.06955736130475998, 0.033431414514780045,
		-0.05436604097485542, 0.013617066666483879, 0.04438026621937752,
		-0.0008143433951772749, -0.010380368679761887, -0.022254066541790962,
		0.09006758034229279, 0.0016358868451789021, -0.04321113973855972,
		-0.02693382278084755, 0.024548806250095367, 0.07224501669406891,
		-0.014510352164506912, -0.037966035306453705, -0.037714507430791855,
		0.04523725435137749, 0.025834746658802032, 0.044305067509412766,
		-0.018709363415837288, -0.020458662882447243, -0.022594019770622253,
		0.020481985062360764, 0.03333812579512596, 0.0063504306599497795,
		0.02576097659766674, 0.033771660178899765, 0.04195597022771835,
		0.04000605642795563, -0.12704817950725555, 0.02348201908171177,
		-0.005445561371743679, -0.036018092185258865, -0.053392454981803894,
		0.04108639433979988, -0.04120580852031708, 0.03268434479832649,
		-0.0639847069978714, -0.008999359793961048, 0.00668343435972929,
		0.06064584106206894, -0.010669865645468235, 0.05118975043296814,
		-0.07973701506853104, 0.022546915337443352, 0.018663903698325157,
		-0.04390827566385269, -0.017555374652147293, -0.0038464239332824945,
		-0.11036064475774765, 0.07597727328538895, 0.03639640286564827,
		0.0641559511423111, 0.03892572969198227, -0.07005917280912399,
		0.03908636420965195, 0.01380107644945383, -0.043949440121650696,
		-0.006735088303685188, 0.02913791313767433, 0.011035545729100704,
		-0.033818695694208145, 0.02242186851799488, -0.012770776636898518,
		0.018386775627732277, -0.03777312487363815, -0.0020656525157392025,
		0.030863486230373383, 0.011326389387249947, -0.022891497239470482,
		-0.013045021332800388, -0.12091048061847687, -0.06896056979894638,
		-0.031209705397486687, -0.0317530632019043, -0.030948767438530922,
		-0.02734091877937317, -0.011183413676917553, 0.007112069055438042,
		0.016748642548918724, 0.031346242874860764, -0.08927618712186813,
		-0.04356592893600464, -0.022079898044466972, -0.014477518387138844,
		0.06918027997016907, -0.03328704088926315, 0.015681257471442223,
		-0.02533901296555996, -0.026349566876888275, -0.15528815984725952,
		-0.08066361397504807, -0.07626330107450485, -0.05693116784095764,
		0.03589482232928276, 0.12941806018352509, -0.015379682183265686,
		-0.06316757202148438, 0.04549124836921692, 0.01353982649743557,
		0.02906293421983719, -0.04103436693549156, -0.003146790899336338,
		0.03430023416876793, -0.05087601765990257, -0.03665834292769432,
		-0.05022314190864563, -0.023717116564512253, -0.025373922660946846,
		0.04057764634490013, -0.04136182740330696, -0.04103373736143112,
		-0.09222882241010666, 0.019515234977006912, 0.047177597880363464,
		0.09565593302249908, 0.14726455509662628, -0.034836288541555405,
		-0.008717143908143044, -0.034803297370672226, -0.04942471534013748,
		-0.0074248285964131355, -0.051936306059360504, -0.04488682746887207,
		0.016430877149105072, 0.03980972617864609, 0.04403100535273552,
		0.002781621180474758, 0.031672198325395584, -0.02111012116074562,
		-0.03197259455919266, 0.0023803787771612406, 0.08095597475767136,
		-0.009326988831162453, 0.07201364636421204, 0.002633507829159498,
		-0.0693635568022728, -0.01230228878557682, -0.012998353689908981,
		0.058363959193229675, -0.017833029851317406, 0.0032015275210142136,
		-0.06413832306861877, 0.06240670010447502, -0.0029693038668483496,
		0.050671208649873734, -0.022297315299510956, -0.017428895458579063,
		0.0692419707775116, -0.01691063679754734, -0.001412329962477088,
		-0.02292364463210106, 0.07296908646821976, 0.06660430133342743,
		0.032627664506435394, -0.00014253142580855638, 0.07350168377161026,
		0.052923060953617096, -0.013366910628974438, -0.018649358302354813,
		0.012580455280840397, 0.03140152245759964, 0.01322205737233162,
		0.013482769951224327, -0.06125415861606598, -0.05695732682943344,
		0.10720152407884598, 0.09752503782510757, -0.05406443029642105,
		-0.04357839375734329, 0.06966636329889297, 0.0068959929049015045,
		-0.04703956097364426, 0.015218259766697884, -0.08199761807918549,
		-0.03758205473423004, 0.0264712106436491, 0.02838738262653351,
		0.039822716265916824, 0.03039076179265976, 0.03219433128833771,
		-0.08464004844427109, -0.04535634443163872, -0.01614927314221859,
		-0.0830974131822586, -0.09614156931638718, -0.003865170991048217,
		0.058169733732938766, -0.07740483433008194, -0.024146540090441704,
		-0.06823206692934036, 0.03140551224350929, 0.082462839782238,
		-0.0038598275277763605, 0.04154473915696144, -0.00031539893825538456,
		-0.06111183017492294, -0.011377090588212013, 0.058181729167699814,
		-0.022842323407530785, -0.046409036964178085, 0.020382419228553772,
		-0.02682049199938774, 0.147547647356987, 0.09476055204868317,
		0.028147410601377487, 0.011686045676469803, -0.03207766264677048,
		-0.01612856611609459, 0.0695938766002655, 0.05327160283923149,
		-0.015952058136463165, -3.794184158323333e-5, -0.1045665442943573,
		-0.051754117012023926, -0.0331725999712944, -0.013509872369468212,
		0.0067468625493347645, 0.05614786222577095, -0.08000153303146362,
		-0.07674582302570343, 0.09586315602064133, -0.00024386218865402043,
		-0.0971924364566803, 0.0322798527777195, 0.047403864562511444,
		-0.018425414338707924, 0.008464296348392963, -0.001369512639939785,
		0.08361537754535675, -0.01165738608688116, -0.029263144358992577,
		0.02288663014769554, 0.04716254770755768, 0.05566756799817085,
		-0.07782571017742157, -0.10310458391904831, 0.04146818444132805,
		-0.04019936919212341, -0.043012913316488266, -0.07280510663986206,
		0.08896058797836304, 0.020807558670639992, -0.01460195891559124,
		0.12654076516628265, 0.009825087152421474, -0.03875497728586197,
		-0.05999933183193207, 0.03860259801149368, 0.018895169720053673,
		0.11843590438365936, 0.049845024943351746, -0.0025774959940463305,
		-0.03847326338291168, -0.03311510011553764, 0.013929652981460094,
		0.026637684553861618, 0.014331784099340439, -0.06273464858531952,
		0.030074039474129677, 0.04447866231203079, -0.04107316955924034,
		-0.02525429055094719, 0.06762689352035522, 0.03718100115656853,
		-0.023760920390486717, 0.0022954423911869526, -0.014839781448245049,
		-0.033785540610551834, 0.029905840754508972, -0.12582148611545563,
		0.05922643467783928, 0.05391644686460495, 0.019154902547597885,
		-0.07056257873773575, -0.05552325397729874, 0.021281512454152107,
		0.10296842455863953, -0.047599732875823975, 0.06288322061300278,
		0.033816367387771606, -0.007690422236919403, -0.042521003633737564,
		-0.0317467525601387, 0.13276831805706024, 0.0812787115573883,
		0.030858837068080902, 0.041666653007268906, 0.011919374577701092,
		0.0410119853913784, 0.05060543119907379, -0.004607677925378084,
		0.011132706888020039, 0.06783746182918549, 0.02287273481488228,
		0.08604804426431656, -0.05042840540409088, 0.05000081658363342,
		0.07373995333909988, 0.005406991578638554, 0.014668576419353485,
		0.07886750251054764, 0.038177240639925, -0.08393587172031403,
		-0.005796024575829506, -0.02684757299721241, -0.024712175130844116,
		0.11108153313398361, 0.060129743069410324, -0.081627257168293,
		-0.04329487681388855, -0.00034951537963934243, -0.06334741413593292,
		-0.05103091895580292, 0.030705202370882034, 0.05219969525933266,
