{
	"description": "C2b vector-search parity fixture: a normalized synthetic query vector and the ordered top-k (id, cosine score) that edge-reco Python VectorSearcher returns over the real examples/catalog embeddings.f32. Regenerate with scripts/gen_search_fixture.py.",
	"embedding_dim": 384,
	"k": 10,
	"query_vector": [
		-0.011897671036422253, 0.0015157622983679175, 0.04840855300426483,
		0.07897697389125824, 0.004828122444450855, -0.05061563849449158,
		0.058103129267692566, -0.031039506196975708, -0.08954037725925446,
		-0.01640579290688038, 0.05120439827442169, 0.02031717635691166,
		0.05023186281323433, 0.052102088928222656, 0.08487782627344131,
		-0.054029546678066254, 0.05160669982433319, 0.006000054068863392,
		0.025537803769111633, -0.060783501714468, -0.006647095084190369,
		-0.0378573015332222, 0.08017373085021973, -0.022801971063017845,
		-0.07480549812316895, -0.03203291818499565, 0.00014471942267846316,
		0.04496673867106438, -0.023392178118228912, -0.0010657930979505181,
		0.041871078312397, 0.037241000682115555, 0.016149938106536865,
		-0.033383797854185104, 0.021173451095819473, -0.010558647103607655,
		0.06151474639773369, -0.03959455341100693, -0.026131412014365196,
		0.07211390137672424, 0.0191003680229187, -0.05446995422244072,
		-0.08956743031740189, 0.021931350231170654, -0.00978410430252552,
		0.06526163220405579, 0.04421453922986984, 0.046054862439632416,
		0.020201051607728004, 0.07414200901985168, 0.022670485079288483,
		0.04505930095911026, -0.07714235037565231, -0.011994577012956142,
		0.013383859768509865, -0.026042751967906952, -0.051669348031282425,
		0.05646880343556404, -0.046917226165533066, -0.01353180781006813,
		-0.04737304523587227, -0.05771973729133606, -0.06353497505187988,
		0.06598221510648727, 0.03209276869893074, 0.03821977972984314,
		-0.04808526113629341, 0.0756763443350792, 0.0009901195298880339,
		-0.03390870243310928, -0.03936198353767395, -0.05045030266046524,
		-0.11547764390707016, 0.09588400274515152, 0.0032993811182677746,
		0.06737066060304642, 0.04552387818694115, -0.048491451889276505,
		0.0039086793549358845, -0.012962272390723228, -0.06058575585484505,
		-0.07425564527511597, -0.0012864534510299563, 0.008510089479386806,
		-0.05900134518742561, 0.031160032376646996, -0.03066663071513176,
		-0.022196447476744652, 0.0009563805069774389, 0.02582915686070919,
		-0.034866128116846085, -0.008681072853505611, -0.012688209302723408,
		-0.01941918581724167, -0.10141826421022415, -0.0639888122677803,
		-0.05583819001913071, -0.031098617240786552, -0.010223600082099438,
		-0.022115597501397133, 0.008739768527448177, 0.03412740305066109,
		0.07480060309171677, 0.03109169192612171, -0.08131635189056396,
		-0.03694901987910271, -0.045079924166202545, 0.04884130507707596,
		0.0699857771396637, -0.01973443292081356, -0.045998554676771164,
		-0.00284192874096334, -0.05029076337814331, -0.1167544275522232,
		-0.022223714739084244, -0.06517220288515091, -0.008915996178984642,
		0.06895920634269714, 0.08511188626289368, 0.004008186515420675,
		-0.009929888881742954, 0.058765996247529984, 0.047784049063920975,
		0.018616406247019768, -0.029258934780955315, 0.04541084170341492,
		0.07098954170942307, -0.046625666320323944, -0.04765935614705086,
		-0.02263086475431919, -0.009731230325996876, -0.014816544950008392,
		0.01981053128838539, 0.006713672075420618, -0.0181798804551363,
		-0.09916408360004425, 0.06140647456049919, 0.07518824189901352,
		0.0687168687582016, 0.17116117477416992, -0.0029762513004243374,
		0.0016009989194571972, -0.04955605790019035, 0.004017964471131563,
		0.011881793849170208, -0.05114569142460823, -0.059286393225193024,
		-0.010462287813425064, -0.0034496483858674765, 0.027955912053585052,
		0.011628377251327038, -0.01029463205486536, -0.06887968629598618,
		0.0008485035505145788, 0.02726713754236698, 0.04706692695617676,
		0.024360353127121925, 0.05331476032733917, -0.004596737679094076,
		-0.04486948624253273, -0.018365558236837387, -0.0442289263010025,
		0.035645440220832825, -0.002532737562432885, 0.0016611421015113592,
		-0.06381238251924515, 0.05901319161057472, -0.04172609746456146,
		0.033402036875486374, -0.009560901671648026, 0.0015611947746947408,
		0.05541205406188965, -0.0312045905739069, -0.013697813265025616,
		-0.04869435355067253, 0.002466226927936077, 0.09420589357614517,
		0.012168015353381634, -0.04318631440401077, 0.03687913715839386,
		-0.0005483925924636424, -0.04442663863301277, -0.050039589405059814,
		-0.026861432939767838, 0.020075583830475807, 0.07859640568494797,
		0.0034996396861970425, -0.06363905966281891, -0.02161824330687523,
		0.1185557022690773, 0.11644630134105682, -0.025892185047268867,
		-0.035398226231336594, 0.03828565403819084, -0.04521354287862778,
		-0.10300800949335098, -0.004204215481877327, 0.016271162778139114,
		0.0034726853482425213, 0.0634063109755516, 0.08451966941356659,
		0.10602430999279022, 0.054134730249643326, 0.05004831403493881,
		-0.08812838792800903, 0.016238568350672722, -0.02140403911471367,
		-0.09536442905664444, -0.05640765652060509, -0.025278422981500626,
		0.05862363800406456, 0.002829554956406355, -0.01625995710492134,
		-0.03105217218399048, 0.022059183567762375, 0.03815464302897453,
		0.036590397357940674, 0.005488908383995295, -0.02826537750661373,
		-0.053524941205978394, -0.01569056510925293, 0.01967156119644642,
		-0.018059642985463142, -0.04253187030553818, 0.05146145820617676,
		0.02861986868083477, 0.12850446999073029, 0.13449649512767792,
		-0.017266474664211273, 0.0020759841427206993, -0.08113396912813187,
		-0.03526834771037102, -0.019405847415328026, 0.05797068402171135,
		-0.026196422055363655, -0.03928070515394211, -0.11173764616250992,
		-0.021749068051576614, -0.02706076018512249, 0.024212392047047615,
		-0.008834249339997768, -0.014987867325544357, -0.06276192516088486,
		-0.07595117390155792, 0.09283114969730377, -0.08937619626522064,
		-0.0396946519613266, 0.08989614993333817, 0.08112125843763351,
		-0.04447568207979202, -0.020575132220983505, -0.044028140604496,
		0.03547479584813118, 0.004095898941159248, -0.04995739832520485,
		0.022915692999958992, 0.04539540037512779, 0.05530225858092308,
		-0.009527405723929405, -0.08855585753917694, -0.020178796723484993,
		0.05101890489459038, 0.05113033577799797, -0.03200620785355568,
		0.052927613258361816, 0.01585019752383232, 0.04165349900722504,
		0.06992597132921219, 0.01992768794298172, -0.06297740340232849,
		-0.07543884217739105, -0.03336000815033913, -0.018552428111433983,
		0.09165257215499878, 0.06725727766752243, 0.03828224167227745,
		-0.09211612492799759, -0.07135919481515884, 0.03309006243944168,
		0.047800447791814804, -0.02034207060933113, -0.05128930136561394,
		-0.043976396322250366, 0.017154095694422722, -0.07546744495630264,
		0.032397765666246414, -0.006016494706273079, 0.03778659552335739,
		0.00616266718134284, 0.02064189687371254, -0.015181093476712704,
		-0.010707133449614048, -0.0008173405076377094, -0.1510958969593048,
		0.0207127183675766, -0.023730548098683357, 0.05512462928891182,
		-0.06584972143173218, -0.11538658291101456, 0.003241154830902815,
		0.07463405281305313, -0.0036440200638026, 0.003858137410134077,
		0.016970926895737648, 0.010802444070577621, -0.08298344910144806,
		-0.031922467052936554, 0.12410373985767365, 0.02195153199136257,
		0.10496930778026581, 0.03312293067574501, 0.04597051441669464,
		0.09396019577980042, 0.021661905571818352, -0.01206294260919094,
		0.040866632014513016, -0.026133975014090538, 0.03930571675300598,
		0.026551149785518646, -0.046215448528528214, 0.03600979223847389,
		-0.007519576232880354, 0.033614449203014374, 0.0792602151632309,
		0.08675303310155869, 0.03872489929199219, -0.08773207664489746,
		0.005491588730365038, 0.003613631473854184, 0.022350097075104713,
		0.05938039720058441, -0.008164401166141033, -0.05546461418271065,
		-0.049103815108537674, 0.017273178324103355, -0.04546497017145157,
		-0.06282706558704376, 0.02860850654542446, 0.03387540951371193,
