asin,title,about_item,breadcrumbs,brand_name,price_value,rating_stars,rating_count,recent_purchases,all_images,product_url
NB-00001,Qelvo Privacy Screen Protector | 3-Pack | Fits 6.7-inch Phones | Case Friendly,"SMUDGE RESISTANT: An oleophobic coating wipes clean of fingerprints and oil. CLEAR VIEW: 99% transparency keeps colors true and touch response fast. TOUGH GLASS: 9H hardness tempered glass takes the scratches and drops so the phone display underneath does not crack. FULL KIT: Comes with wet wipes, dust stickers and a microfiber cloth for a clean install. HASSLE-FREE SUPPORT: Our support team answers within one business day if anything arrives damaged or does not fit.","Cell Phones & Accessories › Accessories › Maintenance, Upkeep & Repairs › Screen Protectors",Qelvo,13.99,4.6,3145,7353,[],
NB-00002,Qelvo Matte Anti-Glare Screen Protector | 3-Pack | Fits 6.7-inch Phones | Case Friendly,"SMUDGE RESISTANT: An oleophobic coating wipes clean of fingerprints and oil. FULL KIT: Comes with wet wipes, dust stickers and a microfiber cloth for a clean install. TOUGH GLASS: 9H hardness tempered glass takes the scratches and drops so the phone display underneath does not crack. CLEAR VIEW: 99% transparency keeps colors true and touch response fast. TRAVEL READY: Slim, light and easy to toss in a bag, a glovebox or a desk drawer.","Cell Phones & Accessories › Accessories › Maintenance, Upkeep & Repairs › Screen Protectors",Qelvo,9.99,4.1,750,7695,[],
NB-00003,Nuvanta Tempered Glass Screen Protector | 3-Pack | Fits 6.7-inch Phones | Alignment Frame Included,"FULL KIT: Comes with wet wipes, dust stickers and a microfiber cloth for a clean install. EASY ALIGNMENT: The included frame snaps over the phone so the glass lands straight on the first try. TOUGH GLASS: 9H hardness tempered glass takes the scratches and drops so the phone display underneath does not crack. CLEAR VIEW: 99% transparency keeps colors true and touch response fast. TRAVEL READY: Slim, light and easy to toss in a bag, a glovebox or a desk drawer.","Cell Phones & Accessories › Accessories › Maintenance, Upkeep & Repairs › Screen Protectors",Nuvanta,11.99,4.5,175,8535,[],
NB-00004,Qelvo Privacy Screen Protector | 4-Pack | Fits 6.7-inch Phones | Alignment Frame Included,"EASY ALIGNMENT: The included frame snaps over the phone so the glass lands straight on the first try. SMUDGE RESISTANT: An oleophobic coating wipes clean of fingerprints and oil. FULL KIT: Comes with wet wipes, dust stickers and a microfiber cloth for a clean install. CLEAR VIEW: 99% transparency keeps colors true and touch response fast. HASSLE-FREE SUPPORT: Our support team answers within one business day if anything arrives damaged or does not fit.","Cell Phones & Accessories › Accessories › Maintenance, Upkeep & Repairs › Screen Protectors",Qelvo,9.99,4.1,878,8284,[],
NB-00005,Voltrika Matte Anti-Glare Screen Protector | 4-Pack | Fits 6.7-inch Phones | Bubble-Free Install,TOUGH GLASS: 9H hardness tempered glass takes the scratches and drops so the phone display underneath does not crack. SMUDGE RESISTANT: An oleophobic coating wipes clean of fingerprints and oil. CLEAR VIEW: 99% transparency keeps colors true and touch response fast. EASY ALIGNMENT: The included frame snaps over the phone so the glass lands straight on the first try. HASSLE-FREE SUPPORT: Our support team answers within one business day if anything arrives damaged or does not fit.,"Cell Phones & Accessories › Accessories › Maintenance, Upkeep & Repairs › Screen Protectors",Voltrika,9.99,4.5,2134,8558,[],
NB-00006,Nuvanta Tempered Glass Screen Protector | 4-Pack | Fits 6.4-inch Phones | Alignment Frame Included,"SMUDGE RESISTANT: An oleophobic coating wipes clean of fingerprints and oil. TOUGH GLASS: 9H hardness tempered glass takes the scratches and drops so the phone display underneath does not crack. FULL KIT: Comes with wet wipes, dust stickers and a microfiber cloth for a clean install. EASY ALIGNMENT: The included frame snaps over the phone so the glass lands straight on the first try. HASSLE-FREE SUPPORT: Our support team answers within one business day if anything arrives damaged or does not fit.","Cell Phones & Accessories › Accessories › Maintenance, Upkeep & Repairs › Screen Protectors",Nuvanta,13.99,4.7,15962,7745,[],
NB-00007,Qelvo Privacy Screen Protector | 2-Pack | Fits 6.1-inch Phones | Case Friendly,"SMUDGE RESISTANT: An oleophobic coating wipes clean of fingerprints and oil. CLEAR VIEW: 99% transparency keeps colors true and touch response fast. TOUGH GLASS: 9H hardness tempered glass takes the scratches and drops so the phone display underneath does not crack. EASY ALIGNMENT: The included frame snaps over the phone so the glass lands straight on the first try. TRAVEL READY: Slim, light and easy to toss in a bag, a glovebox or a desk drawer.","Cell Phones & Accessories › Accessories › Maintenance, Upkeep & Repairs › Screen Protectors",Qelvo,12.99,4.3,16410,8411,[],
NB-00008,Nuvanta Matte Anti-Glare Screen Protector | 2-Pack | Fits 6.4-inch Phones | Bubble-Free Install,CLEAR VIEW: 99% transparency keeps colors true and touch response fast. TOUGH GLASS: 9H hardness tempered glass takes the scratches and drops so the phone display underneath does not crack. SMUDGE RESISTANT: An oleophobic coating wipes clean of fingerprints and oil. EASY ALIGNMENT: The included frame snaps over the phone so the glass lands straight on the first try. WHAT YOU GET: Everything shown in the listing plus a quick-start card; backed by a 12-month replacement promise.,"Cell Phones & Accessories › Accessories › Maintenance, Upkeep & Repairs › Screen Protectors",Nuvanta,12.99,4.7,25059,8273,[],
NB-00009,Nuvanta Tempered Glass Screen Protector | 2-Pack | Fits 6.7-inch Phones | Bubble-Free Install,"CLEAR VIEW: 99% transparency keeps colors true and touch response fast. FULL KIT: Comes with wet wipes, dust stickers and a microfiber cloth for a clean install. SMUDGE RESISTANT: An oleophobic coating wipes clean of fingerprints and oil. TOUGH GLASS: 9H hardness tempered glass takes the scratches and drops so the phone display underneath does not crack. HASSLE-FREE SUPPORT: Our support team answers within one business day if anything arrives damaged or does not fit.","Cell Phones & Accessories › Accessories › Maintenance, Upkeep & Repairs › Screen Protectors",Nuvanta,13.99,4.1,1860,7881,[],
NB-00010,Voltrika Privacy Screen Protector | 3-Pack | Fits 6.1-inch Phones | Case Friendly,"FULL KIT: Comes with wet wipes, dust stickers and a microfiber cloth for a clean install. EASY ALIGNMENT: The included frame snaps over the phone so the glass lands straight on the first try. SMUDGE RESISTANT: An oleophobic coating wipes clean of fingerprints and oil. TOUGH GLASS: 9H hardness tempered glass takes the scratches and drops so the phone display underneath does not crack. TRAVEL READY: Slim, light and easy to toss in a bag, a glovebox or a desk drawer.","Cell Phones & Accessories › Accessories › Maintenance, Upkeep & Repairs › Screen Protectors",Voltrika,16.99,4.4,936,8192,[],
NB-00011,Qelvo Matte Anti-Glare Screen Protector | 3-Pack | Fits 6.7-inch Phones | Alignment Frame Included,"CLEAR VIEW: 99% transparency keeps colors true and touch response fast. FULL KIT: Comes with wet wipes, dust stickers and a microfiber cloth for a clean install. TOUGH GLASS: 9H hardness tempered glass takes the scratches and drops so the phone display underneath does not crack. SMUDGE RESISTANT: An oleophobic coating wipes clean of fingerprints and oil. HASSLE-FREE SUPPORT: Our support team answers within one business day if anything arrives damaged or does not fit.","Cell Phones & Accessories › Accessories › Maintenance, Upkeep & Repairs › Screen Protectors",Qelvo,15.99,4.2,261,7694,[],
NB-00012,Qelvo Tempered Glass Screen Protector | 3-Pack | Fits 6.7-inch Phones | Bubble-Free Install,EASY ALIGNMENT: The included frame snaps over the phone so the glass lands straight on the first try. TOUGH GLASS: 9H hardness tempered glass takes the scratches and drops so the phone display underneath does not crack. CLEAR VIEW: 99% transparency keeps colors true and touch response fast. SMUDGE RESISTANT: An oleophobic coating wipes clean of fingerprints and oil. HASSLE-FREE SUPPORT: Our support team answers within one business day if anything arrives damaged or does not fit.,"Cell Phones & Accessories › Accessories › Maintenance, Upkeep & Repairs › Screen Protectors",Qelvo,12.99,4.2,3718,7869,[],
NB-00013,Brisklane Clear Shockproof Phone Case | Fits 6.1-inch Phones | Midnight Black | Raised Camera Lip,"SLIM FIT: Adds almost no bulk and slips easily into jeans pockets. DROP PROTECTION: Air-cushion corners absorb the shock of a fall from pocket height. STAYS CLEAR: An anti-yellowing back keeps the cover looking new for months. GRIPPY SIDES: Textured edges help the phone stay in your hand instead of sliding off a table. TRAVEL READY: Slim, light and easy to toss in a bag, a glovebox or a desk drawer.","Cell Phones & Accessories › Cases, Holsters & Sleeves › Basic Cases",Brisklane,22.99,4.3,423,7823,[],
NB-00014,Brisklane Slim Silicone Phone Case | Fits 6.1-inch Phones | Crystal Clear | Raised Camera Lip,GRIPPY SIDES: Textured edges help the phone stay in your hand instead of sliding off a table. SLIM FIT: Adds almost no bulk and slips easily into jeans pockets. DROP PROTECTION: Air-cushion corners absorb the shock of a fall from pocket height. STAYS CLEAR: An anti-yellowing back keeps the cover looking new for months. HASSLE-FREE SUPPORT: Our support team answers within one business day if anything arrives damaged or does not fit.,"Cell Phones & Accessories › Cases, Holsters & Sleeves › Basic Cases",Brisklane,12.99,4.3,611,8455,[],
NB-00015,Brisklane Rugged Grip Phone Case | Fits 6.1-inch Phones | Midnight Black | Wireless Charging Compatible,"SLIM FIT: Adds almost no bulk and slips easily into jeans pockets. DROP PROTECTION: Air-cushion corners absorb the shock of a fall from pocket height. PRECISE CUTOUTS: Every button, port and speaker opening lines up exactly with the phone. GRIPPY SIDES: Textured edges help the phone stay in your hand instead of sliding off a table. WHAT YOU GET: Everything shown in the listing plus a quick-start card; backed by a 12-month replacement promise.","Cell Phones & Accessories › Cases, Holsters & Sleeves › Basic Cases",Brisklane,19.99,4.2,1615,7605,[],
NB-00016,Orbeck Clear Shockproof Phone Case | Fits 6.7-inch Phones | Blush Pink | Wireless Charging Compatible,GRIPPY SIDES: Textured edges help the phone stay in your hand instead of sliding off a table. DROP PROTECTION: Air-cushion corners absorb the shock of a fall from pocket height. STAYS CLEAR: An anti-yellowing back keeps the cover looking new for months. SLIM FIT: Adds almost no bulk and slips easily into jeans pockets. HASSLE-FREE SUPPORT: Our support team answers within one business day if anything arrives damaged or does not fit.,"Cell Phones & Accessories › Cases, Holsters & Sleeves › Basic Cases",Orbeck,9.99,4.5,9802,7898,[],
NB-00017,Brisklane Slim Silicone Phone Case | Fits 6.7-inch Phones | Crystal Clear | Wireless Charging Compatible,"PRECISE CUTOUTS: Every button, port and speaker opening lines up exactly with the phone. DROP PROTECTION: Air-cushion corners absorb the shock of a fall from pocket height. STAYS CLEAR: An anti-yellowing back keeps the cover looking new for months. GRIPPY SIDES: Textured edges help the phone stay in your hand instead of sliding off a table. TRAVEL READY: Slim, light and easy to toss in a bag, a glovebox or a desk drawer.","Cell Phones & Accessories › Cases, Holsters & Sleeves › Basic Cases",Brisklane,24.99,4.4,7232,7810,[],
NB-00018,Brisklane Rugged Grip Phone Case | Fits 6.7-inch Phones | Midnight Black | Wireless Charging Compatible,"SLIM FIT: Adds almost no bulk and slips easily into jeans pockets. DROP PROTECTION: Air-cushion corners absorb the shock of a fall from pocket height. GRIPPY SIDES: Textured edges help the phone stay in your hand instead of sliding off a table. PRECISE CUTOUTS: Every button, port and speaker opening lines up exactly with the phone. HASSLE-FREE SUPPORT: Our support team answers within one business day if anything arrives damaged or does not fit.","Cell Phones & Accessories › Cases, Holsters & Sleeves › Basic Cases",Brisklane,13.99,4.5,8629,8011,[],
NB-00019,Brisklane Clear Shockproof Phone Case | Fits 6.4-inch Phones | Blush Pink | Wireless Charging Compatible,"GRIPPY SIDES: Textured edges help the phone stay in your hand instead of sliding off a table. PRECISE CUTOUTS: Every button, port and speaker opening lines up exactly with the phone. STAYS CLEAR: An anti-yellowing back keeps the cover looking new for months. SLIM FIT: Adds almost no bulk and slips easily into jeans pockets. HASSLE-FREE SUPPORT: Our support team answers within one business day if anything arrives damaged or does not fit.","Cell Phones & Accessories › Cases, Holsters & Sleeves › Basic Cases",Brisklane,11.99,4.6,17003,7562,[],
NB-00020,Brisklane Slim Silicone Phone Case | Fits 6.4-inch Phones | Sage Green | Wireless Charging Compatible,"PRECISE CUTOUTS: Every button, port and speaker opening lines up exactly with the phone. DROP PROTECTION: Air-cushion corners absorb the shock of a fall from pocket height. GRIPPY SIDES: Textured edges help the phone stay in your hand instead of sliding off a table. SLIM FIT: Adds almost no bulk and slips easily into jeans pockets. WHAT YOU GET: Everything shown in the listing plus a quick-start card; backed by a 12-month replacement promise.","Cell Phones & Accessories › Cases, Holsters & Sleeves › Basic Cases",Brisklane,22.99,4.4,32785,8191,[],
NB-00021,Orbeck Rugged Grip Phone Case | Fits 6.4-inch Phones | Sage Green | Raised Camera Lip,"DROP PROTECTION: Air-cushion corners absorb the shock of a fall from pocket height. GRIPPY SIDES: Textured edges help the phone stay in your hand instead of sliding off a table. STAYS CLEAR: An anti-yellowing back keeps the cover looking new for months. PRECISE CUTOUTS: Every button, port and speaker opening lines up exactly with the phone. WHAT YOU GET: Everything shown in the listing plus a quick-start card; backed by a 12-month replacement promise.","Cell Phones & Accessories › Cases, Holsters & Sleeves › Basic Cases",Orbeck,15.99,4.2,687,8197,[],
NB-00022,Tessaline Clear Shockproof Phone Case | Fits 6.1-inch Phones | Midnight Black | Raised Camera Lip,"SLIM FIT: Adds almost no bulk and slips easily into jeans pockets. DROP PROTECTION: Air-cushion corners absorb the shock of a fall from pocket height. PRECISE CUTOUTS: Every button, port and speaker opening lines up exactly with the phone. GRIPPY SIDES: Textured edges help the phone stay in your hand instead of sliding off a table. HASSLE-FREE SUPPORT: Our support team answers within one business day if anything arrives damaged or does not fit.","Cell Phones & Accessories › Cases, Holsters & Sleeves › Basic Cases",Tessaline,19.99,4.1,641,7467,[],
NB-00023,Voltrika Braided Nylon Watch Band | 42/44/45mm | Olive | Single Band,"SWEAT PROOF: Rinses clean under the tap after a run. MATCHED HARDWARE: Connectors are finished to match common smartwatch cases. QUICK SWAP: The replacement band clicks into the watch lugs in seconds, no tools needed. ADJUSTABLE FIT: Fits wrists from roughly 5.5 to 8 inches. WHAT YOU GET: Everything shown in the listing plus a quick-start card; backed by a 12-month replacement promise.",Cell Phones & Accessories › Accessories › Smartwatch Accessories › Smartwatch Bands,Voltrika,10.99,4.5,71,7748,[],
NB-00024,Nuvanta Magnetic Mesh Watch Band | 42/44/45mm | Olive | Single Band,"SWEAT PROOF: Rinses clean under the tap after a run. QUICK SWAP: The replacement band clicks into the watch lugs in seconds, no tools needed. MATCHED HARDWARE: Connectors are finished to match common smartwatch cases. ALL-DAY COMFORT: Soft, breathable material sits easily on the wrist during workouts and sleep. TRAVEL READY: Slim, light and easy to toss in a bag, a glovebox or a desk drawer.",Cell Phones & Accessories › Accessories › Smartwatch Accessories › Smartwatch Bands,Nuvanta,12.99,4.4,59,7752,[],
NB-00025,Qelvo Sport Silicone Watch Band | 42/44/45mm | Charcoal | 2-Pack,"QUICK SWAP: The replacement band clicks into the watch lugs in seconds, no tools needed. ALL-DAY COMFORT: Soft, breathable material sits easily on the wrist during workouts and sleep. ADJUSTABLE FIT: Fits wrists from roughly 5.5 to 8 inches. SWEAT PROOF: Rinses clean under the tap after a run. HASSLE-FREE SUPPORT: Our support team answers within one business day if anything arrives damaged or does not fit.",Cell Phones & Accessories › Accessories › Smartwatch Accessories › Smartwatch Bands,Qelvo,15.99,4.7,16274,7795,[],
NB-00026,Voltrika Braided Nylon Watch Band | 38/40/41mm | Charcoal | Single Band,"ALL-DAY COMFORT: Soft, breathable material sits easily on the wrist during workouts and sleep. QUICK SWAP: The replacement band clicks into the watch lugs in seconds, no tools needed. ADJUSTABLE FIT: Fits wrists from roughly 5.5 to 8 inches. MATCHED HARDWARE: Connectors are finished to match common smartwatch cases. HASSLE-FREE SUPPORT: Our support team answers within one business day if anything arrives damaged or does not fit.",Cell Phones & Accessories › Accessories › Smartwatch Accessories › Smartwatch Bands,Voltrika,18.99,4.5,5759,7350,[],
NB-00027,Qelvo Magnetic Mesh Watch Band | 38/40/41mm | Ocean Blue | 2-Pack,"SWEAT PROOF: Rinses clean under the tap after a run. ALL-DAY COMFORT: Soft, breathable material sits easily on the wrist during workouts and sleep. ADJUSTABLE FIT: Fits wrists from roughly 5.5 to 8 inches. MATCHED HARDWARE: Connectors are finished to match common smartwatch cases. TRAVEL READY: Slim, light and easy to toss in a bag, a glovebox or a desk drawer.",Cell Phones & Accessories › Accessories › Smartwatch Accessories › Smartwatch Bands,Qelvo,8.99,4.4,299,7851,[],
NB-00028,Voltrika Sport Silicone Watch Band | 38/40/41mm | Charcoal | Single Band,"QUICK SWAP: The replacement band clicks into the watch lugs in seconds, no tools needed. SWEAT PROOF: Rinses clean under the tap after a run. ALL-DAY COMFORT: Soft, breathable material sits easily on the wrist during workouts and sleep. ADJUSTABLE FIT: Fits wrists from roughly 5.5 to 8 inches. TRAVEL READY: Slim, light and easy to toss in a bag, a glovebox or a desk drawer.",Cell Phones & Accessories › Accessories › Smartwatch Accessories › Smartwatch Bands,Voltrika,15.99,4.1,22820,8324,[],
NB-00029,Nuvanta Braided Nylon Watch Band | 42/44/45mm | Charcoal | 2-Pack,"QUICK SWAP: The replacement band clicks into the watch lugs in seconds, no tools needed. ALL-DAY COMFORT: Soft, breathable material sits easily on the wrist during workouts and sleep. MATCHED HARDWARE: Connectors are finished to match common smartwatch cases. ADJUSTABLE FIT: Fits wrists from roughly 5.5 to 8 inches. TRAVEL READY: Slim, light and easy to toss in a bag, a glovebox or a desk drawer.",Cell Phones & Accessories › Accessories › Smartwatch Accessories › Smartwatch Bands,Nuvanta,10.99,4.2,224,8109,[],
NB-00030,Nuvanta Magnetic Mesh Watch Band | 42/44/45mm | Charcoal | Single Band,"MATCHED HARDWARE: Connectors are finished to match common smartwatch cases. SWEAT PROOF: Rinses clean under the tap after a run. QUICK SWAP: The replacement band clicks into the watch lugs in seconds, no tools needed. ALL-DAY COMFORT: Soft, breathable material sits easily on the wrist during workouts and sleep. TRAVEL READY: Slim, light and easy to toss in a bag, a glovebox or a desk drawer.",Cell Phones & Accessories › Accessories › Smartwatch Accessories › Smartwatch Bands,Nuvanta,19.99,4.2,1869,7595,[],
NB-00031,Voltrika Unlocked Smartphone | 128GB | 6.5-inch Display | Triple Camera,"DUAL SIM: Keep a work number and a personal number on one smartphone. BIG BATTERY: Lasts a full day of streaming, maps and messages on one charge. UNLOCKED: Works with major carriers; pop in a SIM card and go. FAST AND SMOOTH: An octa-core processor and a 90Hz screen keep apps responsive. WHAT YOU GET: Everything shown in the listing plus a quick-start card; backed by a 12-month replacement promise.",Cell Phones & Accessories › Cell Phones,Voltrika,377.99,4.5,41,7375,[],
NB-00032,Pellago Dual SIM Smartphone | 128GB | 6.5-inch Display | 5000mAh Battery,"DUAL SIM: Keep a work number and a personal number on one smartphone. BIG BATTERY: Lasts a full day of streaming, maps and messages on one charge. FAST AND SMOOTH: An octa-core processor and a 90Hz screen keep apps responsive. UNLOCKED: Works with major carriers; pop in a SIM card and go. TRAVEL READY: Slim, light and easy to toss in a bag, a glovebox or a desk drawer.",Cell Phones & Accessories › Cell Phones,Pellago,372.99,4.8,59236,7498,[],
NB-00033,Pellago 5G Unlocked Smartphone | 128GB | 6.1-inch Display | 50MP Camera,"DUAL SIM: Keep a work number and a personal number on one smartphone. FAST AND SMOOTH: An octa-core processor and a 90Hz screen keep apps responsive. UNLOCKED: Works with major carriers; pop in a SIM card and go. BIG BATTERY: Lasts a full day of streaming, maps and messages on one charge. WHAT YOU GET: Everything shown in the listing plus a quick-start card; backed by a 12-month replacement promise.",Cell Phones & Accessories › Cell Phones,Pellago,281.99,4.3,1036,7423,[],
NB-00034,Pellago Unlocked Smartphone | 256GB | 6.1-inch Display | Triple Camera,"UNLOCKED: Works with major carriers; pop in a SIM card and go. DUAL SIM: Keep a work number and a personal number on one smartphone. BIG BATTERY: Lasts a full day of streaming, maps and messages on one charge. FAST AND SMOOTH: An octa-core processor and a 90Hz screen keep apps responsive. HASSLE-FREE SUPPORT: Our support team answers within one business day if anything arrives damaged or does not fit.",Cell Phones & Accessories › Cell Phones,Pellago,350.99,4.2,4802,8227,[],
NB-00035,Pellago Dual SIM Smartphone | 256GB | 6.1-inch Display | 5000mAh Battery,"UNLOCKED: Works with major carriers; pop in a SIM card and go. FAST AND SMOOTH: An octa-core processor and a 90Hz screen keep apps responsive. DUAL SIM: Keep a work number and a personal number on one smartphone. SHARP CAMERA: The main camera captures detailed photos, even indoors. WHAT YOU GET: Everything shown in the listing plus a quick-start card; backed by a 12-month replacement promise.",Cell Phones & Accessories › Cell Phones,Pellago,321.99,4.6,298,8411,[],
NB-00036,Voltrika Dual Port Wall Charger | 45W | 1-Pack | Foldable Plug,"PLUGS INTO THE WALL: A compact brick that leaves the neighboring outlet free. FOLDING PRONGS: The plug folds flat so it will not scratch things in your bag. FAST CHARGING: Brings a phone from empty to half full in about thirty minutes. TWO DEVICES: Charge a phone and earbuds at the same time from one plug. TRAVEL READY: Slim, light and easy to toss in a bag, a glovebox or a desk drawer.",Cell Phones & Accessories › Accessories › Chargers & Power Adapters › Wall Chargers,Voltrika,12.99,4.2,4856,8131,[],
NB-00037,Nuvanta GaN Compact Wall Charger | 45W | 2-Pack | With 6ft Cable,FAST CHARGING: Brings a phone from empty to half full in about thirty minutes. FOLDING PRONGS: The plug folds flat so it will not scratch things in your bag. COOL RUNNING: Built-in protection guards against overheating and overcharging. PLUGS INTO THE WALL: A compact brick that leaves the neighboring outlet free. HASSLE-FREE SUPPORT: Our support team answers within one business day if anything arrives damaged or does not fit.,Cell Phones & Accessories › Accessories › Chargers & Power Adapters › Wall Chargers,Nuvanta,26.99,4.4,786,7347,[],
NB-00038,Nuvanta USB-C Fast Charger Block | 45W | 2-Pack | Foldable Plug,"FOLDING PRONGS: The plug folds flat so it will not scratch things in your bag. FAST CHARGING: Brings a phone from empty to half full in about thirty minutes. COOL RUNNING: Built-in protection guards against overheating and overcharging. TWO DEVICES: Charge a phone and earbuds at the same time from one plug. TRAVEL READY: Slim, light and easy to toss in a bag, a glovebox or a desk drawer.",Cell Phones & Accessories › Accessories › Chargers & Power Adapters › Wall Chargers,Nuvanta,16.99,4.1,4149,7463,[],
NB-00039,Qelvo Dual Port Wall Charger | 65W | 2-Pack | Foldable Plug,TWO DEVICES: Charge a phone and earbuds at the same time from one plug. COOL RUNNING: Built-in protection guards against overheating and overcharging. FAST CHARGING: Brings a phone from empty to half full in about thirty minutes. PLUGS INTO THE WALL: A compact brick that leaves the neighboring outlet free. HASSLE-FREE SUPPORT: Our support team answers within one business day if anything arrives damaged or does not fit.,Cell Phones & Accessories › Accessories › Chargers & Power Adapters › Wall Chargers,Qelvo,26.99,4.7,504,8197,[],
NB-00040,Nuvanta GaN Compact Wall Charger | 65W | 2-Pack | Foldable Plug,FAST CHARGING: Brings a phone from empty to half full in about thirty minutes. COOL RUNNING: Built-in protection guards against overheating and overcharging. FOLDING PRONGS: The plug folds flat so it will not scratch things in your bag. PLUGS INTO THE WALL: A compact brick that leaves the neighboring outlet free. HASSLE-FREE SUPPORT: Our support team answers within one business day if anything arrives damaged or does not fit.,Cell Phones & Accessories › Accessories › Chargers & Power Adapters › Wall Chargers,Nuvanta,26.99,4.5,3469,7476,[],
NB-00041,Voltrika USB-C Fast Charger Block | 65W | 2-Pack | Foldable Plug,"TWO DEVICES: Charge a phone and earbuds at the same time from one plug. FAST CHARGING: Brings a phone from empty to half full in about thirty minutes. PLUGS INTO THE WALL: A compact brick that leaves the neighboring outlet free. COOL RUNNING: Built-in protection guards against overheating and overcharging. TRAVEL READY: Slim, light and easy to toss in a bag, a glovebox or a desk drawer.",Cell Phones & Accessories › Accessories › Chargers & Power Adapters › Wall Chargers,Voltrika,12.99,4.1,644,7575,[],
NB-00042,Nuvanta Dual Port Wall Charger | 20W | 1-Pack | Foldable Plug,"PLUGS INTO THE WALL: A compact brick that leaves the neighboring outlet free. FOLDING PRONGS: The plug folds flat so it will not scratch things in your bag. COOL RUNNING: Built-in protection guards against overheating and overcharging. FAST CHARGING: Brings a phone from empty to half full in about thirty minutes. TRAVEL READY: Slim, light and easy to toss in a bag, a glovebox or a desk drawer.",Cell Phones & Accessories › Accessories › Chargers & Power Adapters › Wall Chargers,Nuvanta,28.99,4.3,3720,7900,[],
NB-00043,Qelvo Air Vent Phone Holder | One-Hand Release | Fits 4.7-7 inch Phones | Metal Plates Included,EASY VIEWING: Rotate between portrait and landscape for navigation. QUICK INSTALL: Mounts in under a minute with no tools. HOLDS STEADY: The grip stays put over potholes and speed bumps. ONE-HAND USE: Press the phone in and the arms close automatically. HASSLE-FREE SUPPORT: Our support team answers within one business day if anything arrives damaged or does not fit.,Cell Phones & Accessories › Accessories › Car Accessories › Car Cradles & Mounts,Qelvo,24.99,4.7,29506,7727,[],
NB-00044,Nuvanta Magnetic Car Phone Mount | One-Hand Release | Fits 4.7-7 inch Phones | Strong Suction Base,NO RESIDUE: The reusable gel pad lifts off the dashboard cleanly. QUICK INSTALL: Mounts in under a minute with no tools. HOLDS STEADY: The grip stays put over potholes and speed bumps. ONE-HAND USE: Press the phone in and the arms close automatically. HASSLE-FREE SUPPORT: Our support team answers within one business day if anything arrives damaged or does not fit.,Cell Phones & Accessories › Accessories › Car Accessories › Car Cradles & Mounts,Nuvanta,34.99,4.8,1594,8154,[],
NB-00045,Nuvanta Dashboard Phone Mount | One-Hand Release | Fits Most Phones | Strong Suction Base,QUICK INSTALL: Mounts in under a minute with no tools. NO RESIDUE: The reusable gel pad lifts off the dashboard cleanly. EASY VIEWING: Rotate between portrait and landscape for navigation. ONE-HAND USE: Press the phone in and the arms close automatically. HASSLE-FREE SUPPORT: Our support team answers within one business day if anything arrives damaged or does not fit.,Cell Phones & Accessories › Accessories › Car Accessories › Car Cradles & Mounts,Nuvanta,14.99,4.4,83,8284,[],
NB-00046,Nuvanta Air Vent Phone Holder | 360-Degree Rotation | Fits 4.7-7 inch Phones | Strong Suction Base,QUICK INSTALL: Mounts in under a minute with no tools. HOLDS STEADY: The grip stays put over potholes and speed bumps. EASY VIEWING: Rotate between portrait and landscape for navigation. NO RESIDUE: The reusable gel pad lifts off the dashboard cleanly. WHAT YOU GET: Everything shown in the listing plus a quick-start card; backed by a 12-month replacement promise.,Cell Phones & Accessories › Accessories › Car Accessories › Car Cradles & Mounts,Nuvanta,30.99,4.3,58815,7431,[],
NB-00047,Voltrika Magnetic Car Phone Mount | 360-Degree Rotation | Fits Most Phones | Metal Plates Included,NO RESIDUE: The reusable gel pad lifts off the dashboard cleanly. QUICK INSTALL: Mounts in under a minute with no tools. HOLDS STEADY: The grip stays put over potholes and speed bumps. EASY VIEWING: Rotate between portrait and landscape for navigation. HASSLE-FREE SUPPORT: Our support team answers within one business day if anything arrives damaged or does not fit.,Cell Phones & Accessories › Accessories › Car Accessories › Car Cradles & Mounts,Voltrika,16.99,4.5,245,7975,[],
NB-00048,Nuvanta Dashboard Phone Mount | 360-Degree Rotation | Fits Most Phones | Strong Suction Base,ONE-HAND USE: Press the phone in and the arms close automatically. NO RESIDUE: The reusable gel pad lifts off the dashboard cleanly. HOLDS STEADY: The grip stays put over potholes and speed bumps. EASY VIEWING: Rotate between portrait and landscape for navigation. WHAT YOU GET: Everything shown in the listing plus a quick-start card; backed by a 12-month replacement promise.,Cell Phones & Accessories › Accessories › Car Accessories › Car Cradles & Mounts,Nuvanta,30.99,4.2,42467,7424,[],
NB-00049,Qelvo Air Vent Phone Holder | One-Hand Release | Fits Most Phones | Strong Suction Base,QUICK INSTALL: Mounts in under a minute with no tools. ONE-HAND USE: Press the phone in and the arms close automatically. HOLDS STEADY: The grip stays put over potholes and speed bumps. EASY VIEWING: Rotate between portrait and landscape for navigation. HASSLE-FREE SUPPORT: Our support team answers within one business day if anything arrives damaged or does not fit.,Cell Phones & Accessories › Accessories › Car Accessories › Car Cradles & Mounts,Qelvo,21.99,4.0,19137,7533,[],
NB-00050,Voltrika Portable Power Bank | 20000mAh | USB-C In and Out | LED Charge Display,"EXTRA CHARGES: Refills a typical phone two to four times away from an outlet. KNOW YOUR LEVEL: A digital readout shows exactly how much charge is left. FLIGHT FRIENDLY: Under the capacity limit for carry-on bags. CHARGE TWO: Power a phone and a smartwatch at once. TRAVEL READY: Slim, light and easy to toss in a bag, a glovebox or a desk drawer.",Cell Phones & Accessories › Accessories › Batteries & Battery Packs › Power Banks,Voltrika,37.99,4.1,23714,8393,[],
NB-00051,Nuvanta Slim Battery Pack | 20000mAh | Dual Output | Built-In Cable,CHARGE TWO: Power a phone and a smartwatch at once. POCKET SIZE: About the size of a deck of cards. EXTRA CHARGES: Refills a typical phone two to four times away from an outlet. KNOW YOUR LEVEL: A digital readout shows exactly how much charge is left. WHAT YOU GET: Everything shown in the listing plus a quick-start card; backed by a 12-month replacement promise.,Cell Phones & Accessories › Accessories › Batteries & Battery Packs › Power Banks,Nuvanta,32.99,4.6,21550,7702,[],
NB-00052,Qelvo Magnetic Wireless Power Bank | 20000mAh | USB-C In and Out | Built-In Cable,KNOW YOUR LEVEL: A digital readout shows exactly how much charge is left. FLIGHT FRIENDLY: Under the capacity limit for carry-on bags. EXTRA CHARGES: Refills a typical phone two to four times away from an outlet. POCKET SIZE: About the size of a deck of cards. WHAT YOU GET: Everything shown in the listing plus a quick-start card; backed by a 12-month replacement promise.,Cell Phones & Accessories › Accessories › Batteries & Battery Packs › Power Banks,Qelvo,43.99,4.6,38310,7971,[],
NB-00053,Nuvanta Portable Power Bank | 5000mAh | Dual Output | Built-In Cable,POCKET SIZE: About the size of a deck of cards. EXTRA CHARGES: Refills a typical phone two to four times away from an outlet. KNOW YOUR LEVEL: A digital readout shows exactly how much charge is left. FLIGHT FRIENDLY: Under the capacity limit for carry-on bags. WHAT YOU GET: Everything shown in the listing plus a quick-start card; backed by a 12-month replacement promise.,Cell Phones & Accessories › Accessories › Batteries & Battery Packs › Power Banks,Nuvanta,21.99,4.4,60,8612,[],
NB-00054,Qelvo Slim Battery Pack | 5000mAh | Dual Output | LED Charge Display,"EXTRA CHARGES: Refills a typical phone two to four times away from an outlet. KNOW YOUR LEVEL: A digital readout shows exactly how much charge is left. POCKET SIZE: About the size of a deck of cards. FLIGHT FRIENDLY: Under the capacity limit for carry-on bags. TRAVEL READY: Slim, light and easy to toss in a bag, a glovebox or a desk drawer.",Cell Phones & Accessories › Accessories › Batteries & Battery Packs › Power Banks,Qelvo,38.99,4.4,552,8579,[],
NB-00055,Qelvo Magnetic Wireless Power Bank | 5000mAh | Dual Output | Built-In Cable,CHARGE TWO: Power a phone and a smartwatch at once. POCKET SIZE: About the size of a deck of cards. FLIGHT FRIENDLY: Under the capacity limit for carry-on bags. EXTRA CHARGES: Refills a typical phone two to four times away from an outlet. HASSLE-FREE SUPPORT: Our support team answers within one business day if anything arrives damaged or does not fit.,Cell Phones & Accessories › Accessories › Batteries & Battery Packs › Power Banks,Qelvo,38.99,4.2,11658,8510,[],
NB-00056,Qelvo Right Angle Charging Cable | 10ft | 2-Pack | 60W Fast Charge,"BUILT TO BEND: A braided jacket survives thousands of bends. FAST CHARGE: Carries up to 60W for phones, tablets and many laptops. TANGLE FREE: A hook-and-loop strap keeps the cable coiled in a bag. LONG REACH: Extra length reaches from the outlet to the bed or couch. HASSLE-FREE SUPPORT: Our support team answers within one business day if anything arrives damaged or does not fit.",Cell Phones & Accessories › Accessories › Cables › USB Cables,Qelvo,10.99,4.0,8686,7934,[],
NB-00057,Voltrika USB-C to USB-C Cable | 10ft | 3-Pack | Data Sync,"BUILT TO BEND: A braided jacket survives thousands of bends. SNUG CONNECTORS: Aluminum shells click in firmly and do not wobble. FAST CHARGE: Carries up to 60W for phones, tablets and many laptops. TANGLE FREE: A hook-and-loop strap keeps the cable coiled in a bag. WHAT YOU GET: Everything shown in the listing plus a quick-start card; backed by a 12-month replacement promise.",Cell Phones & Accessories › Accessories › Cables › USB Cables,Voltrika,11.99,4.5,21332,7671,[],
NB-00058,Nuvanta Braided Charging Cable | 10ft | 2-Pack | Data Sync,"TANGLE FREE: A hook-and-loop strap keeps the cable coiled in a bag. BUILT TO BEND: A braided jacket survives thousands of bends. LONG REACH: Extra length reaches from the outlet to the bed or couch. FAST CHARGE: Carries up to 60W for phones, tablets and many laptops. TRAVEL READY: Slim, light and easy to toss in a bag, a glovebox or a desk drawer.",Cell Phones & Accessories › Accessories › Cables › USB Cables,Nuvanta,11.99,4.7,8541,7738,[],
NB-00059,Qelvo Right Angle Charging Cable | 3ft | 3-Pack | 60W Fast Charge,"BUILT TO BEND: A braided jacket survives thousands of bends. FAST CHARGE: Carries up to 60W for phones, tablets and many laptops. TANGLE FREE: A hook-and-loop strap keeps the cable coiled in a bag. SNUG CONNECTORS: Aluminum shells click in firmly and do not wobble. HASSLE-FREE SUPPORT: Our support team answers within one business day if anything arrives damaged or does not fit.",Cell Phones & Accessories › Accessories › Cables › USB Cables,Qelvo,10.99,4.3,3055,8018,[],
NB-00060,Voltrika USB-C to USB-C Cable | 3ft | 2-Pack | Data Sync,"SNUG CONNECTORS: Aluminum shells click in firmly and do not wobble. TANGLE FREE: A hook-and-loop strap keeps the cable coiled in a bag. FAST CHARGE: Carries up to 60W for phones, tablets and many laptops. BUILT TO BEND: A braided jacket survives thousands of bends. TRAVEL READY: Slim, light and easy to toss in a bag, a glovebox or a desk drawer.",Cell Phones & Accessories › Accessories › Cables › USB Cables,Voltrika,15.99,4.3,19364,8093,[],
NB-00061,Marrowfield Men's Crew Neck Cotton Tee | Single | Navy | Pre-Shrunk,"MULTIPACK VALUE: Stock the drawer with everyday tees for work, the gym or lounging. SOFT COTTON: Ring-spun cotton feels soft from the first wear. TAGLESS COMFORT: The label is printed inside so nothing scratches your neck. RELAXED FIT: Room through the chest and shoulders without looking boxy. GIFT READY: Arrives folded in a recyclable mailer, ready to wrap.","Clothing, Shoes & Jewelry › Men › Clothing › Shirts › T-Shirts",Marrowfield,19.99,4.7,241,8456,[],
NB-00062,Marrowfield Men's Heavyweight T-Shirt | Single | Heather Gray | Pre-Shrunk,"SOFT COTTON: Ring-spun cotton feels soft from the first wear. CLASSIC CREW NECK: A ribbed collar keeps its shape wash after wash. MULTIPACK VALUE: Stock the drawer with everyday tees for work, the gym or lounging. RELAXED FIT: Room through the chest and shoulders without looking boxy. EASY CARE: Machine wash cold and tumble dry low.","Clothing, Shoes & Jewelry › Men › Clothing › Shirts › T-Shirts",Marrowfield,24.99,4.5,58,7824,[],
NB-00063,Tidewick Men's Pocket T-Shirt | Single | Heather Gray | Tagless,RELAXED FIT: Room through the chest and shoulders without looking boxy. SOFT COTTON: Ring-spun cotton feels soft from the first wear. CLASSIC CREW NECK: A ribbed collar keeps its shape wash after wash. TAGLESS COMFORT: The label is printed inside so nothing scratches your neck. TRUE TO SIZE: Check the size chart in the photos; most shoppers take their usual size.,"Clothing, Shoes & Jewelry › Men › Clothing › Shirts › T-Shirts",Tidewick,16.99,4.6,9859,7422,[],
NB-00064,Marrowfield Men's Crew Neck Cotton Tee | 3-Pack | Assorted Colors | Pre-Shrunk,"MULTIPACK VALUE: Stock the drawer with everyday tees for work, the gym or lounging. SOFT COTTON: Ring-spun cotton feels soft from the first wear. RELAXED FIT: Room through the chest and shoulders without looking boxy. CLASSIC CREW NECK: A ribbed collar keeps its shape wash after wash. EASY CARE: Machine wash cold and tumble dry low.","Clothing, Shoes & Jewelry › Men › Clothing › Shirts › T-Shirts",Marrowfield,29.99,4.6,3286,8467,[],
NB-00065,Tidewick Men's Heavyweight T-Shirt | 3-Pack | Black | Tagless,"CLASSIC CREW NECK: A ribbed collar keeps its shape wash after wash. RELAXED FIT: Room through the chest and shoulders without looking boxy. MULTIPACK VALUE: Stock the drawer with everyday tees for work, the gym or lounging. SOFT COTTON: Ring-spun cotton feels soft from the first wear. EASY CARE: Machine wash cold and tumble dry low.","Clothing, Shoes & Jewelry › Men › Clothing › Shirts › T-Shirts",Tidewick,19.99,4.5,924,7570,[],
NB-00066,Marrowfield Men's Pocket T-Shirt | 3-Pack | Black | Pre-Shrunk,"RELAXED FIT: Room through the chest and shoulders without looking boxy. CLASSIC CREW NECK: A ribbed collar keeps its shape wash after wash. TAGLESS COMFORT: The label is printed inside so nothing scratches your neck. MULTIPACK VALUE: Stock the drawer with everyday tees for work, the gym or lounging. TRUE TO SIZE: Check the size chart in the photos; most shoppers take their usual size.","Clothing, Shoes & Jewelry › Men › Clothing › Shirts › T-Shirts",Marrowfield,23.99,4.8,352,8232,[],
NB-00067,Aurelle Men's Crew Neck Cotton Tee | 5-Pack | Navy | Pre-Shrunk,CLASSIC CREW NECK: A ribbed collar keeps its shape wash after wash. RELAXED FIT: Room through the chest and shoulders without looking boxy. TAGLESS COMFORT: The label is printed inside so nothing scratches your neck. SOFT COTTON: Ring-spun cotton feels soft from the first wear. EASY CARE: Machine wash cold and tumble dry low.,"Clothing, Shoes & Jewelry › Men › Clothing › Shirts › T-Shirts",Aurelle,16.99,4.2,35517,8042,[],
NB-00068,Tidewick Men's Heavyweight T-Shirt | 5-Pack | Navy | Tagless,"RELAXED FIT: Room through the chest and shoulders without looking boxy. MULTIPACK VALUE: Stock the drawer with everyday tees for work, the gym or lounging. SOFT COTTON: Ring-spun cotton feels soft from the first wear. TAGLESS COMFORT: The label is printed inside so nothing scratches your neck. TRUE TO SIZE: Check the size chart in the photos; most shoppers take their usual size.","Clothing, Shoes & Jewelry › Men › Clothing › Shirts › T-Shirts",Tidewick,16.99,4.6,3393,8080,[],
NB-00069,Halloway Row Baby Boys' Long Sleeve Onesie | 3-Pack | 6-12 Months | Stripes and Solids,PACK VALUE: Enough onesies for a week of daycare. EASY ON: An envelope neckline stretches over the head. CUTE PRINTS: A mix of stripes and prints that go with everything. SNAP BOTTOM: Three snaps at the bottom make diaper changes quick. EASY CARE: Machine wash cold and tumble dry low.,"Clothing, Shoes & Jewelry › Baby › Baby Boys › Clothing › Bodysuits",Halloway Row,21.99,4.1,190,7396,[],
NB-00070,Cindera Baby Boys' Short Sleeve Onesie | 3-Pack | 6-12 Months | Animal Prints,PACK VALUE: Enough onesies for a week of daycare. EASY ON: An envelope neckline stretches over the head. SNAP BOTTOM: Three snaps at the bottom make diaper changes quick. CUTE PRINTS: A mix of stripes and prints that go with everything. EASY CARE: Machine wash cold and tumble dry low.,"Clothing, Shoes & Jewelry › Baby › Baby Boys › Clothing › Bodysuits",Cindera,18.99,4.6,15513,7874,[],
NB-00071,Cindera Baby Boys' Long Sleeve Onesie | 5-Pack | 0-3 Months | Stripes and Solids,PACK VALUE: Enough onesies for a week of daycare. GENTLE ON SKIN: Soft cotton knit with no scratchy seams. CUTE PRINTS: A mix of stripes and prints that go with everything. EASY ON: An envelope neckline stretches over the head. TRUE TO SIZE: Check the size chart in the photos; most shoppers take their usual size.,"Clothing, Shoes & Jewelry › Baby › Baby Boys › Clothing › Bodysuits",Cindera,26.99,4.2,286,7508,[],
NB-00072,Halloway Row Baby Boys' Short Sleeve Onesie | 5-Pack | 0-3 Months | Stripes and Solids,"GENTLE ON SKIN: Soft cotton knit with no scratchy seams. CUTE PRINTS: A mix of stripes and prints that go with everything. PACK VALUE: Enough onesies for a week of daycare. EASY ON: An envelope neckline stretches over the head. GIFT READY: Arrives folded in a recyclable mailer, ready to wrap.","Clothing, Shoes & Jewelry › Baby › Baby Boys › Clothing › Bodysuits",Halloway Row,22.99,4.3,1792,8529,[],
NB-00073,Halloway Row Baby Girls' Long Sleeve Onesie | 5-Pack | 0-3 Months | Pastel Mix,SNAP BOTTOM: Three snaps at the bottom make diaper changes quick. PACK VALUE: Enough onesies for a week of daycare. EASY ON: An envelope neckline stretches over the head. SWEET DETAILS: Little ruffles and prints for photos and everyday wear. TRUE TO SIZE: Check the size chart in the photos; most shoppers take their usual size.,"Clothing, Shoes & Jewelry › Baby › Baby Girls › Clothing › Bodysuits",Halloway Row,20.99,4.2,3053,8588,[],
NB-00074,Cindera Baby Girls' Ruffle Sleeve Onesie | 5-Pack | 3-6 Months | Florals and Solids,"SNAP BOTTOM: Three snaps at the bottom make diaper changes quick. PACK VALUE: Enough onesies for a week of daycare. GENTLE ON SKIN: Soft cotton knit with no scratchy seams. EASY ON: An envelope neckline stretches over the head. GIFT READY: Arrives folded in a recyclable mailer, ready to wrap.","Clothing, Shoes & Jewelry › Baby › Baby Girls › Clothing › Bodysuits",Cindera,23.99,4.5,45327,7648,[],
NB-00075,Cindera Baby Girls' Long Sleeve Onesie | 3-Pack | 0-3 Months | Pastel Mix,"PACK VALUE: Enough onesies for a week of daycare. SWEET DETAILS: Little ruffles and prints for photos and everyday wear. SNAP BOTTOM: Three snaps at the bottom make diaper changes quick. GENTLE ON SKIN: Soft cotton knit with no scratchy seams. GIFT READY: Arrives folded in a recyclable mailer, ready to wrap.","Clothing, Shoes & Jewelry › Baby › Baby Girls › Clothing › Bodysuits",Cindera,18.99,4.0,5526,8136,[],
NB-00076,Cindera Baby Girls' Ruffle Sleeve Onesie | 3-Pack | 0-3 Months | Pastel Mix,GENTLE ON SKIN: Soft cotton knit with no scratchy seams. EASY ON: An envelope neckline stretches over the head. PACK VALUE: Enough onesies for a week of daycare. SNAP BOTTOM: Three snaps at the bottom make diaper changes quick. EASY CARE: Machine wash cold and tumble dry low.,"Clothing, Shoes & Jewelry › Baby › Baby Girls › Clothing › Bodysuits",Cindera,20.99,4.2,71,8387,[],
NB-00077,Marrowfield Men's Fleece Pullover Sweatshirt | Charcoal | Kangaroo Pocket | Regular Fit,"HANDY POCKET: Keeps keys and hands warm. HOLDS SHAPE: Ribbed cuffs and hem stay snug without stretching out. PULLOVER STYLE: Throw it on over a tee after a workout. BRUSHED FLEECE: A warm, fuzzy inside for cold mornings and the sidelines. EASY CARE: Machine wash cold and tumble dry low.","Clothing, Shoes & Jewelry › Men › Clothing › Active › Active Sweatshirts",Marrowfield,34.99,4.6,43951,7335,[],
NB-00078,Aurelle Men's Quarter-Zip Pullover | Charcoal | Kangaroo Pocket | Regular Fit,"PULLOVER STYLE: Throw it on over a tee after a workout. HOLDS SHAPE: Ribbed cuffs and hem stay snug without stretching out. BRUSHED FLEECE: A warm, fuzzy inside for cold mornings and the sidelines. HANDY POCKET: Keeps keys and hands warm. EASY CARE: Machine wash cold and tumble dry low.","Clothing, Shoes & Jewelry › Men › Clothing › Active › Active Sweatshirts",Aurelle,49.99,4.6,4756,8483,[],
NB-00079,Marrowfield Men's Performance Hoodie | Charcoal | Kangaroo Pocket | Regular Fit,MOISTURE WICKING: The outer face moves sweat away while you move. PULLOVER STYLE: Throw it on over a tee after a workout. HOLDS SHAPE: Ribbed cuffs and hem stay snug without stretching out. HANDY POCKET: Keeps keys and hands warm. TRUE TO SIZE: Check the size chart in the photos; most shoppers take their usual size.,"Clothing, Shoes & Jewelry › Men › Clothing › Active › Active Sweatshirts",Marrowfield,38.99,4.0,20555,8243,[],
NB-00080,Tidewick Men's Fleece Pullover Sweatshirt | Forest Green | Thumb Holes | Athletic Fit,PULLOVER STYLE: Throw it on over a tee after a workout. HANDY POCKET: Keeps keys and hands warm. HOLDS SHAPE: Ribbed cuffs and hem stay snug without stretching out. MOISTURE WICKING: The outer face moves sweat away while you move. TRUE TO SIZE: Check the size chart in the photos; most shoppers take their usual size.,"Clothing, Shoes & Jewelry › Men › Clothing › Active › Active Sweatshirts",Tidewick,48.99,4.6,211,7652,[],
NB-00081,Aurelle Men's Quarter-Zip Pullover | Forest Green | Thumb Holes | Regular Fit,"HANDY POCKET: Keeps keys and hands warm. MOISTURE WICKING: The outer face moves sweat away while you move. PULLOVER STYLE: Throw it on over a tee after a workout. BRUSHED FLEECE: A warm, fuzzy inside for cold mornings and the sidelines. EASY CARE: Machine wash cold and tumble dry low.","Clothing, Shoes & Jewelry › Men › Clothing › Active › Active Sweatshirts",Aurelle,39.99,4.1,156,8440,[],
NB-00082,Aurelle Men's Performance Hoodie | Forest Green | Kangaroo Pocket | Regular Fit,"BRUSHED FLEECE: A warm, fuzzy inside for cold mornings and the sidelines. HANDY POCKET: Keeps keys and hands warm. HOLDS SHAPE: Ribbed cuffs and hem stay snug without stretching out. PULLOVER STYLE: Throw it on over a tee after a workout. TRUE TO SIZE: Check the size chart in the photos; most shoppers take their usual size.","Clothing, Shoes & Jewelry › Men › Clothing › Active › Active Sweatshirts",Aurelle,30.99,4.1,105,8012,[],
NB-00083,Juniperline Women's Platform Sneaker | White | Memory Foam Insole | Lightweight,GRIPPY SOLE: A flexible rubber outsole grips sidewalks and store floors. ALL-DAY WALKING: A cushioned footbed keeps feet comfortable through errands and travel. BREATHABLE KNIT: The upper lets air through on warm days. EASY ON: Slip the sneakers on without untying the laces. EASY CARE: Machine wash cold and tumble dry low.,"Clothing, Shoes & Jewelry › Women › Shoes › Fashion Sneakers",Juniperline,76.99,4.2,11578,7996,[],
NB-00084,Juniperline Women's Slip-On Sneaker | White | Arch Support | Machine Washable,"EASY ON: Slip the sneakers on without untying the laces. BREATHABLE KNIT: The upper lets air through on warm days. GRIPPY SOLE: A flexible rubber outsole grips sidewalks and store floors. GOES WITH EVERYTHING: A clean everyday look for jeans, leggings or dresses. GIFT READY: Arrives folded in a recyclable mailer, ready to wrap.","Clothing, Shoes & Jewelry › Women › Shoes › Fashion Sneakers",Juniperline,60.99,4.5,704,7451,[],
NB-00085,Marrowfield Women's Knit Walking Sneaker | White | Memory Foam Insole | Lightweight,"ALL-DAY WALKING: A cushioned footbed keeps feet comfortable through errands and travel. EASY ON: Slip the sneakers on without untying the laces. GOES WITH EVERYTHING: A clean everyday look for jeans, leggings or dresses. BREATHABLE KNIT: The upper lets air through on warm days. TRUE TO SIZE: Check the size chart in the photos; most shoppers take their usual size.","Clothing, Shoes & Jewelry › Women › Shoes › Fashion Sneakers",Marrowfield,51.99,4.3,2589,8040,[],
NB-00086,Juniperline Women's Platform Sneaker | Black | Memory Foam Insole | Lightweight,"GOES WITH EVERYTHING: A clean everyday look for jeans, leggings or dresses. EASY ON: Slip the sneakers on without untying the laces. BREATHABLE KNIT: The upper lets air through on warm days. GRIPPY SOLE: A flexible rubber outsole grips sidewalks and store floors. GIFT READY: Arrives folded in a recyclable mailer, ready to wrap.","Clothing, Shoes & Jewelry › Women › Shoes › Fashion Sneakers",Juniperline,81.99,4.7,61,8130,[],
NB-00087,Juniperline Women's Slip-On Sneaker | Black | Arch Support | Machine Washable,"GOES WITH EVERYTHING: A clean everyday look for jeans, leggings or dresses. BREATHABLE KNIT: The upper lets air through on warm days. EASY ON: Slip the sneakers on without untying the laces. ALL-DAY WALKING: A cushioned footbed keeps feet comfortable through errands and travel. EASY CARE: Machine wash cold and tumble dry low.","Clothing, Shoes & Jewelry › Women › Shoes › Fashion Sneakers",Juniperline,59.99,4.2,31037,8003,[],
NB-00088,Juniperline Women's Knit Walking Sneaker | Black | Arch Support | Lightweight,"EASY ON: Slip the sneakers on without untying the laces. ALL-DAY WALKING: A cushioned footbed keeps feet comfortable through errands and travel. BREATHABLE KNIT: The upper lets air through on warm days. GOES WITH EVERYTHING: A clean everyday look for jeans, leggings or dresses. EASY CARE: Machine wash cold and tumble dry low.","Clothing, Shoes & Jewelry › Women › Shoes › Fashion Sneakers",Juniperline,41.99,4.2,3716,7482,[],
NB-00089,Marrowfield Women's Platform Sneaker | Blush | Arch Support | Machine Washable,"EASY ON: Slip the sneakers on without untying the laces. GOES WITH EVERYTHING: A clean everyday look for jeans, leggings or dresses. GRIPPY SOLE: A flexible rubber outsole grips sidewalks and store floors. BREATHABLE KNIT: The upper lets air through on warm days. TRUE TO SIZE: Check the size chart in the photos; most shoppers take their usual size.","Clothing, Shoes & Jewelry › Women › Shoes › Fashion Sneakers",Marrowfield,84.99,4.4,7870,7468,[],
NB-00090,Marrowfield Men's Leather Hiking Boot | Dark Olive | Waterproof Membrane | Padded Collar,"TRAIL GRIP: Deep lugs bite into mud, gravel and rock. DURABLE UPPER: Leather and ripstop panels stand up to brush and scrapes. WATERPROOF: A sealed membrane keeps feet dry through puddles and wet grass. ANKLE SUPPORT: A mid-height collar steadies the ankle on uneven ground. EASY CARE: Machine wash cold and tumble dry low.","Clothing, Shoes & Jewelry › Men › Shoes › Outdoor › Hiking & Trekking › Hiking Boots",Marrowfield,117.99,4.6,1017,7553,[],
NB-00091,Marrowfield Men's Waterproof Hiking Boot | Dark Olive | Waterproof Membrane | Lug Outsole,"ANKLE SUPPORT: A mid-height collar steadies the ankle on uneven ground. CUSHIONED STRIDE: A shock-absorbing midsole eases long days on the trail. WATERPROOF: A sealed membrane keeps feet dry through puddles and wet grass. TRAIL GRIP: Deep lugs bite into mud, gravel and rock. EASY CARE: Machine wash cold and tumble dry low.","Clothing, Shoes & Jewelry › Men › Shoes › Outdoor › Hiking & Trekking › Hiking Boots",Marrowfield,99.99,4.6,50,7684,[],
NB-00092,Tidewick Men's Mid Trail Boot | Dark Olive | Seam-Sealed | Lug Outsole,"ANKLE SUPPORT: A mid-height collar steadies the ankle on uneven ground. CUSHIONED STRIDE: A shock-absorbing midsole eases long days on the trail. TRAIL GRIP: Deep lugs bite into mud, gravel and rock. WATERPROOF: A sealed membrane keeps feet dry through puddles and wet grass. TRUE TO SIZE: Check the size chart in the photos; most shoppers take their usual size.","Clothing, Shoes & Jewelry › Men › Shoes › Outdoor › Hiking & Trekking › Hiking Boots",Tidewick,89.99,4.4,584,8300,[],
NB-00093,Tidewick Men's Leather Hiking Boot | Black | Waterproof Membrane | Lug Outsole,"CUSHIONED STRIDE: A shock-absorbing midsole eases long days on the trail. ANKLE SUPPORT: A mid-height collar steadies the ankle on uneven ground. WATERPROOF: A sealed membrane keeps feet dry through puddles and wet grass. TRAIL GRIP: Deep lugs bite into mud, gravel and rock. TRUE TO SIZE: Check the size chart in the photos; most shoppers take their usual size.","Clothing, Shoes & Jewelry › Men › Shoes › Outdoor › Hiking & Trekking › Hiking Boots",Tidewick,105.99,4.2,263,7589,[],
NB-00094,Marrowfield Men's Waterproof Hiking Boot | Black | Seam-Sealed | Lug Outsole,"WATERPROOF: A sealed membrane keeps feet dry through puddles and wet grass. CUSHIONED STRIDE: A shock-absorbing midsole eases long days on the trail. DURABLE UPPER: Leather and ripstop panels stand up to brush and scrapes. TRAIL GRIP: Deep lugs bite into mud, gravel and rock. EASY CARE: Machine wash cold and tumble dry low.","Clothing, Shoes & Jewelry › Men › Shoes › Outdoor › Hiking & Trekking › Hiking Boots",Marrowfield,76.99,4.2,295,7847,[],
NB-00095,Tidewick Men's Mid Trail Boot | Black | Waterproof Membrane | Lug Outsole,"CUSHIONED STRIDE: A shock-absorbing midsole eases long days on the trail. TRAIL GRIP: Deep lugs bite into mud, gravel and rock. DURABLE UPPER: Leather and ripstop panels stand up to brush and scrapes. WATERPROOF: A sealed membrane keeps feet dry through puddles and wet grass. EASY CARE: Machine wash cold and tumble dry low.","Clothing, Shoes & Jewelry › Men › Shoes › Outdoor › Hiking & Trekking › Hiking Boots",Tidewick,95.99,4.4,10523,8533,[],
NB-00096,Marrowfield Men's Leather Hiking Boot | Wheat | Seam-Sealed | Padded Collar,"ANKLE SUPPORT: A mid-height collar steadies the ankle on uneven ground. TRAIL GRIP: Deep lugs bite into mud, gravel and rock. CUSHIONED STRIDE: A shock-absorbing midsole eases long days on the trail. WATERPROOF: A sealed membrane keeps feet dry through puddles and wet grass. TRUE TO SIZE: Check the size chart in the photos; most shoppers take their usual size.","Clothing, Shoes & Jewelry › Men › Shoes › Outdoor › Hiking & Trekking › Hiking Boots",Marrowfield,81.99,4.2,49,8101,[],
NB-00097,Marrowfield Women's Wrap Dress | Terracotta | Adjustable Straps | Knee Length,"REAL POCKETS: Side pockets big enough for a phone. FLATTERING FIT: A cinched waist and flowing skirt. BREEZY COTTON: Light cotton fabric for hot summer days. DAY TO NIGHT: Pair with sandals for brunch or a denim jacket for evening. GIFT READY: Arrives folded in a recyclable mailer, ready to wrap.","Clothing, Shoes & Jewelry › Women › Clothing › Dresses › Casual Dresses",Marrowfield,30.99,4.2,6695,7991,[],
NB-00098,Fennimore Women's Tiered Sundress | Terracotta | Adjustable Straps | Midi Length,"DAY TO NIGHT: Pair with sandals for brunch or a denim jacket for evening. BREEZY COTTON: Light cotton fabric for hot summer days. REAL POCKETS: Side pockets big enough for a phone. FLATTERING FIT: A cinched waist and flowing skirt. GIFT READY: Arrives folded in a recyclable mailer, ready to wrap.","Clothing, Shoes & Jewelry › Women › Clothing › Dresses › Casual Dresses",Fennimore,35.99,4.5,35479,8354,[],
NB-00099,Fennimore Women's Cotton Summer Dress | Terracotta | Adjustable Straps | Midi Length,BREEZY COTTON: Light cotton fabric for hot summer days. FLATTERING FIT: A cinched waist and flowing skirt. PACKS FLAT: Resists wrinkles in a suitcase. DAY TO NIGHT: Pair with sandals for brunch or a denim jacket for evening. EASY CARE: Machine wash cold and tumble dry low.,"Clothing, Shoes & Jewelry › Women › Clothing › Dresses › Casual Dresses",Fennimore,39.99,4.5,69,8068,[],
NB-00100,Juniperline Women's Wrap Dress | Sage | With Pockets | Midi Length,BREEZY COTTON: Light cotton fabric for hot summer days. FLATTERING FIT: A cinched waist and flowing skirt. REAL POCKETS: Side pockets big enough for a phone. DAY TO NIGHT: Pair with sandals for brunch or a denim jacket for evening. TRUE TO SIZE: Check the size chart in the photos; most shoppers take their usual size.,"Clothing, Shoes & Jewelry › Women › Clothing › Dresses › Casual Dresses",Juniperline,46.99,4.4,9285,7890,[],
NB-00101,Marrowfield Women's Tiered Sundress | Sage | Adjustable Straps | Knee Length,"BREEZY COTTON: Light cotton fabric for hot summer days. FLATTERING FIT: A cinched waist and flowing skirt. REAL POCKETS: Side pockets big enough for a phone. DAY TO NIGHT: Pair with sandals for brunch or a denim jacket for evening. GIFT READY: Arrives folded in a recyclable mailer, ready to wrap.","Clothing, Shoes & Jewelry › Women › Clothing › Dresses › Casual Dresses",Marrowfield,47.99,4.3,36442,7736,[],
NB-00102,Fennimore Women's Cotton Summer Dress | Sage | Adjustable Straps | Midi Length,"FLATTERING FIT: A cinched waist and flowing skirt. REAL POCKETS: Side pockets big enough for a phone. DAY TO NIGHT: Pair with sandals for brunch or a denim jacket for evening. PACKS FLAT: Resists wrinkles in a suitcase. GIFT READY: Arrives folded in a recyclable mailer, ready to wrap.","Clothing, Shoes & Jewelry › Women › Clothing › Dresses › Casual Dresses",Fennimore,29.99,4.6,96,8085,[],
NB-00103,Marrowfield Women's Wrap Dress | Floral Print | Adjustable Straps | Knee Length,PACKS FLAT: Resists wrinkles in a suitcase. DAY TO NIGHT: Pair with sandals for brunch or a denim jacket for evening. BREEZY COTTON: Light cotton fabric for hot summer days. FLATTERING FIT: A cinched waist and flowing skirt. TRUE TO SIZE: Check the size chart in the photos; most shoppers take their usual size.,"Clothing, Shoes & Jewelry › Women › Clothing › Dresses › Casual Dresses",Marrowfield,25.99,4.9,10284,7590,[],
NB-00104,Marrowfield Birthstone Pendant Necklace | Sterling Silver | 16-inch Chain | Gift Box Included,LASTING SHINE: A thick plating resists tarnish. HYPOALLERGENIC: Nickel-free and gentle on sensitive skin. THOUGHTFUL GIFT: Arrives in a gift box for birthdays and anniversaries. SECURE CLASP: A sturdy lobster clasp keeps it on all day. EASY CARE: Machine wash cold and tumble dry low.,"Clothing, Shoes & Jewelry › Women › Jewelry › Necklaces › Pendant Necklaces",Marrowfield,31.99,4.5,414,7426,[],
NB-00105,Marrowfield Layered Pendant Necklace | Sterling Silver | 16-inch Chain | Gift Box Included,EVERYDAY SPARKLE: A delicate pendant that layers well with other chains. LASTING SHINE: A thick plating resists tarnish. THOUGHTFUL GIFT: Arrives in a gift box for birthdays and anniversaries. HYPOALLERGENIC: Nickel-free and gentle on sensitive skin. TRUE TO SIZE: Check the size chart in the photos; most shoppers take their usual size.,"Clothing, Shoes & Jewelry › Women › Jewelry › Necklaces › Pendant Necklaces",Marrowfield,57.99,4.2,14916,7414,[],
NB-00106,Juniperline Dainty Initial Pendant Necklace | Sterling Silver | 16-inch Chain | Gift Box Included,"EVERYDAY SPARKLE: A delicate pendant that layers well with other chains. SECURE CLASP: A sturdy lobster clasp keeps it on all day. HYPOALLERGENIC: Nickel-free and gentle on sensitive skin. LASTING SHINE: A thick plating resists tarnish. GIFT READY: Arrives folded in a recyclable mailer, ready to wrap.","Clothing, Shoes & Jewelry › Women › Jewelry › Necklaces › Pendant Necklaces",Juniperline,17.99,4.3,28820,7872,[],
NB-00107,Marrowfield Birthstone Pendant Necklace | Rose Gold Plated | 18-inch Chain | Gift Box Included,LASTING SHINE: A thick plating resists tarnish. SECURE CLASP: A sturdy lobster clasp keeps it on all day. THOUGHTFUL GIFT: Arrives in a gift box for birthdays and anniversaries. EVERYDAY SPARKLE: A delicate pendant that layers well with other chains. TRUE TO SIZE: Check the size chart in the photos; most shoppers take their usual size.,"Clothing, Shoes & Jewelry › Women › Jewelry › Necklaces › Pendant Necklaces",Marrowfield,32.99,4.6,30930,8262,[],
NB-00108,Fennimore Layered Pendant Necklace | Rose Gold Plated | 16-inch Chain | Gift Box Included,HYPOALLERGENIC: Nickel-free and gentle on sensitive skin. SECURE CLASP: A sturdy lobster clasp keeps it on all day. EVERYDAY SPARKLE: A delicate pendant that layers well with other chains. LASTING SHINE: A thick plating resists tarnish. TRUE TO SIZE: Check the size chart in the photos; most shoppers take their usual size.,"Clothing, Shoes & Jewelry › Women › Jewelry › Necklaces › Pendant Necklaces",Fennimore,23.99,4.3,881,7845,[],
NB-00109,Juniperline Dainty Initial Pendant Necklace | Rose Gold Plated | 18-inch Chain | Adjustable Length,"HYPOALLERGENIC: Nickel-free and gentle on sensitive skin. EVERYDAY SPARKLE: A delicate pendant that layers well with other chains. SECURE CLASP: A sturdy lobster clasp keeps it on all day. THOUGHTFUL GIFT: Arrives in a gift box for birthdays and anniversaries. GIFT READY: Arrives folded in a recyclable mailer, ready to wrap.","Clothing, Shoes & Jewelry › Women › Jewelry › Necklaces › Pendant Necklaces",Juniperline,52.99,4.3,52316,7468,[],
NB-00110,Marrowfield Men's RFID Blocking Wallet | Vegan Leather | Espresso | ID Window,"STITCHED TO LAST: Tight edge stitching resists fraying. ORGANIZED: Six card slots, a cash sleeve and a clear ID window. SLIM PROFILE: Holds cards and cash without a bulky back pocket. AGES WELL: The leather softens and darkens with use. EASY CARE: Machine wash cold and tumble dry low.","Clothing, Shoes & Jewelry › Men › Accessories › Wallets, Card Cases & Money Organizers › Wallets",Marrowfield,21.99,4.4,2601,8580,[],
NB-00111,Marrowfield Men's Minimalist Card Wallet | Vegan Leather | Tan | ID Window,"SLIM PROFILE: Holds cards and cash without a bulky back pocket. STITCHED TO LAST: Tight edge stitching resists fraying. AGES WELL: The leather softens and darkens with use. ORGANIZED: Six card slots, a cash sleeve and a clear ID window. TRUE TO SIZE: Check the size chart in the photos; most shoppers take their usual size.","Clothing, Shoes & Jewelry › Men › Accessories › Wallets, Card Cases & Money Organizers › Wallets",Marrowfield,36.99,4.4,65,7905,[],
NB-00112,Marrowfield Men's Slim Bifold Wallet | Vegan Leather | Espresso | ID Window,"RFID BLOCKING: A shielding layer protects tap-to-pay cards. SLIM PROFILE: Holds cards and cash without a bulky back pocket. AGES WELL: The leather softens and darkens with use. ORGANIZED: Six card slots, a cash sleeve and a clear ID window. GIFT READY: Arrives folded in a recyclable mailer, ready to wrap.","Clothing, Shoes & Jewelry › Men › Accessories › Wallets, Card Cases & Money Organizers › Wallets",Marrowfield,21.99,4.7,57961,7488,[],
NB-00113,Aurelle Men's RFID Blocking Wallet | Genuine Leather | Tan | Gift Box,"STITCHED TO LAST: Tight edge stitching resists fraying. RFID BLOCKING: A shielding layer protects tap-to-pay cards. AGES WELL: The leather softens and darkens with use. ORGANIZED: Six card slots, a cash sleeve and a clear ID window. GIFT READY: Arrives folded in a recyclable mailer, ready to wrap.","Clothing, Shoes & Jewelry › Men › Accessories › Wallets, Card Cases & Money Organizers › Wallets",Aurelle,37.99,4.6,10880,8448,[],
NB-00114,Tidewick Men's Minimalist Card Wallet | Genuine Leather | Black | ID Window,"ORGANIZED: Six card slots, a cash sleeve and a clear ID window. SLIM PROFILE: Holds cards and cash without a bulky back pocket. AGES WELL: The leather softens and darkens with use. RFID BLOCKING: A shielding layer protects tap-to-pay cards. GIFT READY: Arrives folded in a recyclable mailer, ready to wrap.","Clothing, Shoes & Jewelry › Men › Accessories › Wallets, Card Cases & Money Organizers › Wallets",Tidewick,18.99,4.9,12225,8190,[],
NB-00115,Aurelle Men's Cushioned Crew Socks | 10 Pairs | Mixed Gray | Shoe Size 6-12,STAYS DRY: Moisture wicking yarn moves sweat away. NO BLISTERS: A seamless toe avoids rubbing. BULK PACK: Enough pairs to skip laundry day. CUSHIONED SOLE: Extra padding under the heel and toe for long days on your feet. EASY CARE: Machine wash cold and tumble dry low.,"Clothing, Shoes & Jewelry › Men › Clothing › Socks › Athletic Socks",Aurelle,22.99,4.2,1465,8216,[],
NB-00116,Aurelle Men's Ankle Running Socks | 10 Pairs | White | Shoe Size 12-15,ARCH BAND: A snug band keeps the socks from sliding. BULK PACK: Enough pairs to skip laundry day. CUSHIONED SOLE: Extra padding under the heel and toe for long days on your feet. STAYS DRY: Moisture wicking yarn moves sweat away. EASY CARE: Machine wash cold and tumble dry low.,"Clothing, Shoes & Jewelry › Men › Clothing › Socks › Athletic Socks",Aurelle,24.99,4.4,188,8400,[],
NB-00117,Tidewick Men's Moisture Wicking Socks | 10 Pairs | White | Shoe Size 6-12,NO BLISTERS: A seamless toe avoids rubbing. STAYS DRY: Moisture wicking yarn moves sweat away. CUSHIONED SOLE: Extra padding under the heel and toe for long days on your feet. BULK PACK: Enough pairs to skip laundry day. TRUE TO SIZE: Check the size chart in the photos; most shoppers take their usual size.,"Clothing, Shoes & Jewelry › Men › Clothing › Socks › Athletic Socks",Tidewick,14.99,4.5,419,7597,[],
NB-00118,Aurelle Men's Cushioned Crew Socks | 12 Pairs | White | Shoe Size 12-15,"NO BLISTERS: A seamless toe avoids rubbing. CUSHIONED SOLE: Extra padding under the heel and toe for long days on your feet. STAYS DRY: Moisture wicking yarn moves sweat away. BULK PACK: Enough pairs to skip laundry day. GIFT READY: Arrives folded in a recyclable mailer, ready to wrap.","Clothing, Shoes & Jewelry › Men › Clothing › Socks › Athletic Socks",Aurelle,20.99,4.5,85,7330,[],
NB-00119,Marrowfield Men's Ankle Running Socks | 12 Pairs | Black | Shoe Size 12-15,ARCH BAND: A snug band keeps the socks from sliding. NO BLISTERS: A seamless toe avoids rubbing. STAYS DRY: Moisture wicking yarn moves sweat away. BULK PACK: Enough pairs to skip laundry day. EASY CARE: Machine wash cold and tumble dry low.,"Clothing, Shoes & Jewelry › Men › Clothing › Socks › Athletic Socks",Marrowfield,17.99,4.4,9725,7941,[],
NB-00120,Marrowfield Men's Moisture Wicking Socks | 12 Pairs | White | Shoe Size 6-12,BULK PACK: Enough pairs to skip laundry day. NO BLISTERS: A seamless toe avoids rubbing. STAYS DRY: Moisture wicking yarn moves sweat away. CUSHIONED SOLE: Extra padding under the heel and toe for long days on your feet. TRUE TO SIZE: Check the size chart in the photos; most shoppers take their usual size.,"Clothing, Shoes & Jewelry › Men › Clothing › Socks › Athletic Socks",Marrowfield,23.99,4.1,5298,8197,[],
NB-00121,Sonnvar 15.6-inch Laptop | 16GB RAM | 512GB SSD | Full HD Display,"READY FOR SCHOOLWORK: A laptop that handles essays, video calls and research tabs with ease. FAST STORAGE: A solid-state drive boots in seconds. CRISP SCREEN: A full HD display for streaming and spreadsheets. ALL-DAY BATTERY: Up to 10 hours away from the charger. WHAT IS INCLUDED: Device, charging cable and a printed quick-start guide.",Electronics › Computers & Accessories › Computers & Tablets › Laptops › Traditional Laptops,Sonnvar,621.99,4.2,879,8222,[],
NB-00122,Sonnvar 14-inch Thin and Light Laptop | 16GB RAM | 256GB SSD | Backlit Keyboard,"ALL-DAY BATTERY: Up to 10 hours away from the charger. CRISP SCREEN: A full HD display for streaming and spreadsheets. READY FOR SCHOOLWORK: A laptop that handles essays, video calls and research tabs with ease. FAST STORAGE: A solid-state drive boots in seconds. WARRANTY: Covered by a one-year limited warranty with friendly email support.",Electronics › Computers & Accessories › Computers & Tablets › Laptops › Traditional Laptops,Sonnvar,885.99,4.1,10676,8141,[],
NB-00123,Sonnvar Everyday Laptop | 16GB RAM | 256GB SSD | Backlit Keyboard,"CRISP SCREEN: A full HD display for streaming and spreadsheets. FAST STORAGE: A solid-state drive boots in seconds. ALL-DAY BATTERY: Up to 10 hours away from the charger. PORTS YOU NEED: USB-C, USB-A, HDMI and a headphone jack. SIMPLE SETUP: Works out of the box; no account or app sign-up required.",Electronics › Computers & Accessories › Computers & Tablets › Laptops › Traditional Laptops,Sonnvar,517.99,4.4,17134,8170,[],
NB-00124,Lumaxis Wireless Earbuds | 32H Playtime | Bluetooth 5.3 | Charging Case with Display,"CLEAR CALLS: Four microphones pick up your voice and cut wind noise. LONG PLAYTIME: The earbuds play for hours, and the case adds several full recharges. QUICK PAIRING: Open the case and the earbuds connect to the last device automatically. SECURE FIT: Three sizes of ear tips keep the earbuds in during runs. WHAT IS INCLUDED: Device, charging cable and a printed quick-start guide.","Electronics › Headphones, Earbuds & Accessories › Headphones & Earbuds › Earbud Headphones",Lumaxis,69.99,4.3,1372,7596,[],
NB-00125,Quorrin Noise Cancelling Earbuds | 32H Playtime | Bluetooth 5.3 | IPX5 Water Resistant,"LONG PLAYTIME: The earbuds play for hours, and the case adds several full recharges. QUICK PAIRING: Open the case and the earbuds connect to the last device automatically. CLEAR CALLS: Four microphones pick up your voice and cut wind noise. NOISE CANCELLING: Active noise cancellation quiets buses, planes and open offices. WARRANTY: Covered by a one-year limited warranty with friendly email support.","Electronics › Headphones, Earbuds & Accessories › Headphones & Earbuds › Earbud Headphones",Quorrin,43.99,4.2,3559,8298,[],
NB-00126,Quorrin Sport Wireless Earbuds | 32H Playtime | Low Latency Mode | IPX5 Water Resistant,"CLEAR CALLS: Four microphones pick up your voice and cut wind noise. NOISE CANCELLING: Active noise cancellation quiets buses, planes and open offices. QUICK PAIRING: Open the case and the earbuds connect to the last device automatically. LONG PLAYTIME: The earbuds play for hours, and the case adds several full recharges. WHAT IS INCLUDED: Device, charging cable and a printed quick-start guide.","Electronics › Headphones, Earbuds & Accessories › Headphones & Earbuds › Earbud Headphones",Quorrin,74.99,4.4,1242,8547,[],
NB-00127,Lumaxis Wireless Earbuds | 50H Playtime | Low Latency Mode | IPX5 Water Resistant,"NOISE CANCELLING: Active noise cancellation quiets buses, planes and open offices. SECURE FIT: Three sizes of ear tips keep the earbuds in during runs. LONG PLAYTIME: The earbuds play for hours, and the case adds several full recharges. QUICK PAIRING: Open the case and the earbuds connect to the last device automatically. WARRANTY: Covered by a one-year limited warranty with friendly email support.","Electronics › Headphones, Earbuds & Accessories › Headphones & Earbuds › Earbud Headphones",Lumaxis,43.99,4.3,42,8643,[],
NB-00128,Lumaxis Noise Cancelling Earbuds | 50H Playtime | Bluetooth 5.3 | Charging Case with Display,"SECURE FIT: Three sizes of ear tips keep the earbuds in during runs. QUICK PAIRING: Open the case and the earbuds connect to the last device automatically. NOISE CANCELLING: Active noise cancellation quiets buses, planes and open offices. LONG PLAYTIME: The earbuds play for hours, and the case adds several full recharges. SIMPLE SETUP: Works out of the box; no account or app sign-up required.","Electronics › Headphones, Earbuds & Accessories › Headphones & Earbuds › Earbud Headphones",Lumaxis,44.99,4.1,1927,7671,[],
NB-00129,Lumaxis Sport Wireless Earbuds | 50H Playtime | Low Latency Mode | Charging Case with Display,"LONG PLAYTIME: The earbuds play for hours, and the case adds several full recharges. SECURE FIT: Three sizes of ear tips keep the earbuds in during runs. QUICK PAIRING: Open the case and the earbuds connect to the last device automatically. NOISE CANCELLING: Active noise cancellation quiets buses, planes and open offices. SIMPLE SETUP: Works out of the box; no account or app sign-up required.","Electronics › Headphones, Earbuds & Accessories › Headphones & Earbuds › Earbud Headphones",Lumaxis,63.99,4.1,412,7617,[],
NB-00130,Quorrin Wireless Earbuds | 40H Playtime | Low Latency Mode | Charging Case with Display,"CLEAR CALLS: Four microphones pick up your voice and cut wind noise. LONG PLAYTIME: The earbuds play for hours, and the case adds several full recharges. SECURE FIT: Three sizes of ear tips keep the earbuds in during runs. NOISE CANCELLING: Active noise cancellation quiets buses, planes and open offices. WARRANTY: Covered by a one-year limited warranty with friendly email support.","Electronics › Headphones, Earbuds & Accessories › Headphones & Earbuds › Earbud Headphones",Quorrin,27.99,4.3,443,8276,[],
NB-00131,Vantrel Noise Cancelling Earbuds | 40H Playtime | Low Latency Mode | IPX5 Water Resistant,"NOISE CANCELLING: Active noise cancellation quiets buses, planes and open offices. QUICK PAIRING: Open the case and the earbuds connect to the last device automatically. CLEAR CALLS: Four microphones pick up your voice and cut wind noise. SECURE FIT: Three sizes of ear tips keep the earbuds in during runs. WHAT IS INCLUDED: Device, charging cable and a printed quick-start guide.","Electronics › Headphones, Earbuds & Accessories › Headphones & Earbuds › Earbud Headphones",Vantrel,68.99,4.7,198,7771,[],
NB-00132,Vantrel Sport Wireless Earbuds | 40H Playtime | Bluetooth 5.3 | IPX5 Water Resistant,"SECURE FIT: Three sizes of ear tips keep the earbuds in during runs. QUICK PAIRING: Open the case and the earbuds connect to the last device automatically. NOISE CANCELLING: Active noise cancellation quiets buses, planes and open offices. LONG PLAYTIME: The earbuds play for hours, and the case adds several full recharges. SIMPLE SETUP: Works out of the box; no account or app sign-up required.","Electronics › Headphones, Earbuds & Accessories › Headphones & Earbuds › Earbud Headphones",Vantrel,60.99,4.3,25811,7381,[],
NB-00133,Vantrel Wireless Earbuds | 32H Playtime | Low Latency Mode | IPX5 Water Resistant,"LONG PLAYTIME: The earbuds play for hours, and the case adds several full recharges. SECURE FIT: Three sizes of ear tips keep the earbuds in during runs. QUICK PAIRING: Open the case and the earbuds connect to the last device automatically. CLEAR CALLS: Four microphones pick up your voice and cut wind noise. SIMPLE SETUP: Works out of the box; no account or app sign-up required.","Electronics › Headphones, Earbuds & Accessories › Headphones & Earbuds › Earbud Headphones",Vantrel,22.99,4.3,49184,7352,[],
NB-00134,Lumaxis Foldable Studio Headphones | 60H Playtime | Bluetooth 5.3 | Travel Case Included,LONG PLAYTIME: Days of listening on a single charge. QUIET ANYWHERE: Noise cancelling blocks the hum of engines and air conditioners. FOLD AND GO: Folds flat into the included travel case. COMFORT FOR HOURS: Soft memory foam cushions and a padded headband. SIMPLE SETUP: Works out of the box; no account or app sign-up required.,"Electronics › Headphones, Earbuds & Accessories › Headphones & Earbuds › Over-Ear Headphones",Lumaxis,84.99,4.2,1667,7517,[],
NB-00135,Quorrin Wireless Over-Ear Headphones | 60H Playtime | Bluetooth 5.3 | Travel Case Included,LONG PLAYTIME: Days of listening on a single charge. QUIET ANYWHERE: Noise cancelling blocks the hum of engines and air conditioners. FOLD AND GO: Folds flat into the included travel case. COMFORT FOR HOURS: Soft memory foam cushions and a padded headband. WARRANTY: Covered by a one-year limited warranty with friendly email support.,"Electronics › Headphones, Earbuds & Accessories › Headphones & Earbuds › Over-Ear Headphones",Quorrin,58.99,4.4,3311,7650,[],
NB-00136,Quorrin Noise Cancelling Headphones | 60H Playtime | Wired and Wireless | Travel Case Included,"LONG PLAYTIME: Days of listening on a single charge. COMFORT FOR HOURS: Soft memory foam cushions and a padded headband. QUIET ANYWHERE: Noise cancelling blocks the hum of engines and air conditioners. DEEP SOUND: Large drivers deliver rich bass and clear vocals. WHAT IS INCLUDED: Device, charging cable and a printed quick-start guide.","Electronics › Headphones, Earbuds & Accessories › Headphones & Earbuds › Over-Ear Headphones",Quorrin,134.99,3.9,520,8134,[],
NB-00137,Vantrel Foldable Studio Headphones | 40H Playtime | Bluetooth 5.3 | Memory Foam Cushions,"DEEP SOUND: Large drivers deliver rich bass and clear vocals. QUIET ANYWHERE: Noise cancelling blocks the hum of engines and air conditioners. FOLD AND GO: Folds flat into the included travel case. COMFORT FOR HOURS: Soft memory foam cushions and a padded headband. WHAT IS INCLUDED: Device, charging cable and a printed quick-start guide.","Electronics › Headphones, Earbuds & Accessories › Headphones & Earbuds › Over-Ear Headphones",Vantrel,142.99,4.5,56418,8629,[],
NB-00138,Lumaxis Wireless Over-Ear Headphones | 40H Playtime | Wired and Wireless | Travel Case Included,"COMFORT FOR HOURS: Soft memory foam cushions and a padded headband. DEEP SOUND: Large drivers deliver rich bass and clear vocals. LONG PLAYTIME: Days of listening on a single charge. FOLD AND GO: Folds flat into the included travel case. WHAT IS INCLUDED: Device, charging cable and a printed quick-start guide.","Electronics › Headphones, Earbuds & Accessories › Headphones & Earbuds › Over-Ear Headphones",Lumaxis,94.99,4.1,68,7868,[],
NB-00139,Zephrane Portable Bluetooth Speaker | 30W | IPX7 Waterproof | 24H Playtime,LONG LASTING: Plays all day and into the night on one charge. CARRY STRAP: A sturdy strap clips to bikes and bags. BIG SOUND: Room-filling audio from a speaker that fits in a backpack. PARTY PAIRING: Link two speakers for true stereo. WARRANTY: Covered by a one-year limited warranty with friendly email support.,Electronics › Portable Audio & Video › Portable Speakers & Docks › Portable Bluetooth Speakers,Zephrane,32.99,4.2,325,7448,[],
NB-00140,Zephrane Waterproof Outdoor Speaker | 30W | Shockproof | Stereo Pairing,PARTY PAIRING: Link two speakers for true stereo. WATERPROOF: Survives splashes at the pool and rain at the campsite. BIG SOUND: Room-filling audio from a speaker that fits in a backpack. CARRY STRAP: A sturdy strap clips to bikes and bags. SIMPLE SETUP: Works out of the box; no account or app sign-up required.,Electronics › Portable Audio & Video › Portable Speakers & Docks › Portable Bluetooth Speakers,Zephrane,61.99,4.3,74,7443,[],
NB-00141,Driftcove Mini Bluetooth Speaker | 30W | Shockproof | 24H Playtime,LONG LASTING: Plays all day and into the night on one charge. WATERPROOF: Survives splashes at the pool and rain at the campsite. BIG SOUND: Room-filling audio from a speaker that fits in a backpack. CARRY STRAP: A sturdy strap clips to bikes and bags. WARRANTY: Covered by a one-year limited warranty with friendly email support.,Electronics › Portable Audio & Video › Portable Speakers & Docks › Portable Bluetooth Speakers,Driftcove,84.99,4.4,561,7825,[],
NB-00142,Zephrane Portable Bluetooth Speaker | 10W | Shockproof | 24H Playtime,CARRY STRAP: A sturdy strap clips to bikes and bags. PARTY PAIRING: Link two speakers for true stereo. LONG LASTING: Plays all day and into the night on one charge. WATERPROOF: Survives splashes at the pool and rain at the campsite. SIMPLE SETUP: Works out of the box; no account or app sign-up required.,Electronics › Portable Audio & Video › Portable Speakers & Docks › Portable Bluetooth Speakers,Zephrane,80.99,4.5,87,7762,[],
NB-00143,Zephrane Waterproof Outdoor Speaker | 10W | Shockproof | 24H Playtime,WATERPROOF: Survives splashes at the pool and rain at the campsite. BIG SOUND: Room-filling audio from a speaker that fits in a backpack. PARTY PAIRING: Link two speakers for true stereo. LONG LASTING: Plays all day and into the night on one charge. SIMPLE SETUP: Works out of the box; no account or app sign-up required.,Electronics › Portable Audio & Video › Portable Speakers & Docks › Portable Bluetooth Speakers,Zephrane,31.99,4.5,82,7965,[],
NB-00144,Sonnvar Mini Bluetooth Speaker | 10W | IPX7 Waterproof | 24H Playtime,PARTY PAIRING: Link two speakers for true stereo. BIG SOUND: Room-filling audio from a speaker that fits in a backpack. LONG LASTING: Plays all day and into the night on one charge. CARRY STRAP: A sturdy strap clips to bikes and bags. WARRANTY: Covered by a one-year limited warranty with friendly email support.,Electronics › Portable Audio & Video › Portable Speakers & Docks › Portable Bluetooth Speakers,Sonnvar,73.99,4.3,487,7852,[],
NB-00145,Vantrel Pan and Tilt Dome Camera | 2K Resolution | Night Vision | Motion Alerts,SMART ALERTS: Get a notification when motion is detected at the front door or hallway. NIGHT VISION: Infrared lets the surveillance camera see clearly in the dark. PRIVATE STORAGE: Record to a local memory card with no required subscription. TALK BACK: Built-in speaker and microphone for two-way audio. SIMPLE SETUP: Works out of the box; no account or app sign-up required.,Electronics › Camera & Photo › Video Surveillance › Surveillance Cameras › Dome Cameras,Vantrel,62.99,4.5,84,7625,[],
NB-00146,Plexmoor 2K Home Security Camera | 2K Resolution | Night Vision | Local SD Storage,TALK BACK: Built-in speaker and microphone for two-way audio. NIGHT VISION: Infrared lets the surveillance camera see clearly in the dark. SEE EVERY CORNER: Pan and tilt to watch the whole room from your phone. PRIVATE STORAGE: Record to a local memory card with no required subscription. WARRANTY: Covered by a one-year limited warranty with friendly email support.,Electronics › Camera & Photo › Video Surveillance › Surveillance Cameras › Dome Cameras,Plexmoor,34.99,4.3,5421,8554,[],
NB-00147,Halcyra Indoor Security Camera | 2K Resolution | Two-Way Audio | Local SD Storage,NIGHT VISION: Infrared lets the surveillance camera see clearly in the dark. SEE EVERY CORNER: Pan and tilt to watch the whole room from your phone. SMART ALERTS: Get a notification when motion is detected at the front door or hallway. PRIVATE STORAGE: Record to a local memory card with no required subscription. SIMPLE SETUP: Works out of the box; no account or app sign-up required.,Electronics › Camera & Photo › Video Surveillance › Surveillance Cameras › Dome Cameras,Halcyra,68.99,4.2,242,8579,[],
NB-00148,Plexmoor Pan and Tilt Dome Camera | 1080p HD | Two-Way Audio | Local SD Storage,"NIGHT VISION: Infrared lets the surveillance camera see clearly in the dark. SEE EVERY CORNER: Pan and tilt to watch the whole room from your phone. SMART ALERTS: Get a notification when motion is detected at the front door or hallway. PRIVATE STORAGE: Record to a local memory card with no required subscription. WHAT IS INCLUDED: Device, charging cable and a printed quick-start guide.",Electronics › Camera & Photo › Video Surveillance › Surveillance Cameras › Dome Cameras,Plexmoor,46.99,4.1,99,7838,[],
NB-00149,Vantrel Outdoor Security Camera | 1080p HD | Color Night Vision | Solar Panel Option,"EASY MOUNT: Screws, anchors and a drilling template included. WATCH THE DRIVEWAY: A wide lens covers the front door, porch and driveway. COLOR NIGHT VISION: A built-in spotlight shows faces in color at night. MOTION ZONES: Draw zones so passing cars do not trigger alerts. SIMPLE SETUP: Works out of the box; no account or app sign-up required.",Electronics › Camera & Photo › Video Surveillance › Surveillance Cameras › Bullet Cameras,Vantrel,74.99,4.1,230,8298,[],
NB-00150,Vantrel Wireless Bullet Camera | 1080p HD | Color Night Vision | Weatherproof,"COLOR NIGHT VISION: A built-in spotlight shows faces in color at night. BUILT FOR OUTDOORS: A weatherproof housing handles rain, snow and summer heat. EASY MOUNT: Screws, anchors and a drilling template included. WATCH THE DRIVEWAY: A wide lens covers the front door, porch and driveway. WHAT IS INCLUDED: Device, charging cable and a printed quick-start guide.",Electronics › Camera & Photo › Video Surveillance › Surveillance Cameras › Bullet Cameras,Vantrel,77.99,4.3,384,7357,[],
NB-00151,Halcyra Floodlight Security Camera | 1080p HD | Color Night Vision | Weatherproof,"COLOR NIGHT VISION: A built-in spotlight shows faces in color at night. BUILT FOR OUTDOORS: A weatherproof housing handles rain, snow and summer heat. MOTION ZONES: Draw zones so passing cars do not trigger alerts. WATCH THE DRIVEWAY: A wide lens covers the front door, porch and driveway. WARRANTY: Covered by a one-year limited warranty with friendly email support.",Electronics › Camera & Photo › Video Surveillance › Surveillance Cameras › Bullet Cameras,Halcyra,69.99,4.1,4802,8281,[],
NB-00152,Vantrel Instant Print Camera | Mint | Selfie Mirror | Camera Only,"AUTO EXPOSURE: The camera sets the flash and shutter for you. PARTY FAVORITE: Perfect for weddings, birthdays and scrapbooks. SELFIE READY: A small mirror next to the lens frames group shots. PRINTS IN MINUTES: Snap a photo and watch the print develop in your hand. SIMPLE SETUP: Works out of the box; no account or app sign-up required.",Electronics › Camera & Photo › Film Photography › Film Cameras › Instant Cameras,Vantrel,113.99,4.6,4575,8044,[],
NB-00153,Plexmoor Retro Instant Camera | Mint | Built-In Flash | Bundle with 20 Sheets,AUTO EXPOSURE: The camera sets the flash and shutter for you. PRINTS IN MINUTES: Snap a photo and watch the print develop in your hand. SELFIE READY: A small mirror next to the lens frames group shots. USES STANDARD FILM: Takes widely available mini instant film packs. WARRANTY: Covered by a one-year limited warranty with friendly email support.,Electronics › Camera & Photo › Film Photography › Film Cameras › Instant Cameras,Plexmoor,110.99,4.4,134,8021,[],
NB-00154,Halcyra Instant Film Camera | Mint | Selfie Mirror | Bundle with 20 Sheets,"SELFIE READY: A small mirror next to the lens frames group shots. PRINTS IN MINUTES: Snap a photo and watch the print develop in your hand. AUTO EXPOSURE: The camera sets the flash and shutter for you. PARTY FAVORITE: Perfect for weddings, birthdays and scrapbooks. WHAT IS INCLUDED: Device, charging cable and a printed quick-start guide.",Electronics › Camera & Photo › Film Photography › Film Cameras › Instant Cameras,Halcyra,78.99,4.3,111,8286,[],
NB-00155,Sonnvar Compact 75% Keyboard | White Backlit | Hot-Swappable Switches | 2.4G Wireless,"BUILT TO LAST: Keys rated for tens of millions of presses. PLUG AND PLAY: Works on Windows, Mac and Linux with no driver. CUSTOM LIGHTING: Per-key backlighting with dozens of effects. SPACE SAVING: A compact layout leaves more room for the mouse. WHAT IS INCLUDED: Device, charging cable and a printed quick-start guide.","Electronics › Computers & Accessories › Computer Accessories & Peripherals › Keyboards, Mice & Accessories › Keyboards",Sonnvar,61.99,4.1,241,7606,[],
NB-00156,Plexmoor Mechanical Gaming Keyboard | White Backlit | Quiet Keys | USB-C Wired,"CUSTOM LIGHTING: Per-key backlighting with dozens of effects. SPACE SAVING: A compact layout leaves more room for the mouse. BUILT TO LAST: Keys rated for tens of millions of presses. PLUG AND PLAY: Works on Windows, Mac and Linux with no driver. WHAT IS INCLUDED: Device, charging cable and a printed quick-start guide.","Electronics › Computers & Accessories › Computer Accessories & Peripherals › Keyboards, Mice & Accessories › Keyboards",Plexmoor,27.99,4.3,7605,7859,[],
NB-00157,Sonnvar Wireless Keyboard | White Backlit | Quiet Keys | 2.4G Wireless,"SATISFYING KEYS: Tactile mechanical switches with a crisp, even press. SPACE SAVING: A compact layout leaves more room for the mouse. BUILT TO LAST: Keys rated for tens of millions of presses. CUSTOM LIGHTING: Per-key backlighting with dozens of effects. SIMPLE SETUP: Works out of the box; no account or app sign-up required.","Electronics › Computers & Accessories › Computer Accessories & Peripherals › Keyboards, Mice & Accessories › Keyboards",Sonnvar,52.99,4.0,210,7903,[],
NB-00158,Sonnvar Compact 75% Keyboard | RGB Backlit | Hot-Swappable Switches | 2.4G Wireless,"SPACE SAVING: A compact layout leaves more room for the mouse. BUILT TO LAST: Keys rated for tens of millions of presses. SATISFYING KEYS: Tactile mechanical switches with a crisp, even press. PLUG AND PLAY: Works on Windows, Mac and Linux with no driver. SIMPLE SETUP: Works out of the box; no account or app sign-up required.","Electronics › Computers & Accessories › Computer Accessories & Peripherals › Keyboards, Mice & Accessories › Keyboards",Sonnvar,51.99,4.6,851,8483,[],
NB-00159,Halcyra Mechanical Gaming Keyboard | RGB Backlit | Hot-Swappable Switches | 2.4G Wireless,"SPACE SAVING: A compact layout leaves more room for the mouse. CUSTOM LIGHTING: Per-key backlighting with dozens of effects. SATISFYING KEYS: Tactile mechanical switches with a crisp, even press. PLUG AND PLAY: Works on Windows, Mac and Linux with no driver. WARRANTY: Covered by a one-year limited warranty with friendly email support.","Electronics › Computers & Accessories › Computer Accessories & Peripherals › Keyboards, Mice & Accessories › Keyboards",Halcyra,96.99,4.4,12369,7317,[],
NB-00160,Halcyra Wireless Keyboard | RGB Backlit | Quiet Keys | USB-C Wired,"SPACE SAVING: A compact layout leaves more room for the mouse. SATISFYING KEYS: Tactile mechanical switches with a crisp, even press. CUSTOM LIGHTING: Per-key backlighting with dozens of effects. BUILT TO LAST: Keys rated for tens of millions of presses. WHAT IS INCLUDED: Device, charging cable and a printed quick-start guide.","Electronics › Computers & Accessories › Computer Accessories & Peripherals › Keyboards, Mice & Accessories › Keyboards",Halcyra,62.99,4.3,2967,8518,[],
NB-00161,Plexmoor Compact 75% Keyboard | White Backlit | Hot-Swappable Switches | USB-C Wired,"SPACE SAVING: A compact layout leaves more room for the mouse. BUILT TO LAST: Keys rated for tens of millions of presses. PLUG AND PLAY: Works on Windows, Mac and Linux with no driver. CUSTOM LIGHTING: Per-key backlighting with dozens of effects. SIMPLE SETUP: Works out of the box; no account or app sign-up required.","Electronics › Computers & Accessories › Computer Accessories & Peripherals › Keyboards, Mice & Accessories › Keyboards",Plexmoor,47.99,4.5,49,7882,[],
NB-00162,Halcyra Mechanical Gaming Keyboard | White Backlit | Hot-Swappable Switches | USB-C Wired,"BUILT TO LAST: Keys rated for tens of millions of presses. CUSTOM LIGHTING: Per-key backlighting with dozens of effects. SPACE SAVING: A compact layout leaves more room for the mouse. PLUG AND PLAY: Works on Windows, Mac and Linux with no driver. WHAT IS INCLUDED: Device, charging cable and a printed quick-start guide.","Electronics › Computers & Accessories › Computer Accessories & Peripherals › Keyboards, Mice & Accessories › Keyboards",Halcyra,72.99,4.5,1774,7465,[],
NB-00163,Sonnvar Wireless Mouse | Programmable Buttons | 2.4G USB Receiver | Adjustable DPI,QUIET CLICKS: Silent buttons will not bother anyone nearby. PRECISE TRACKING: An adjustable sensor handles spreadsheets and games. RECHARGEABLE: One charge lasts weeks of daily use. PLUG AND PLAY: The tiny receiver stores inside the mouse. SIMPLE SETUP: Works out of the box; no account or app sign-up required.,"Electronics › Computers & Accessories › Computer Accessories & Peripherals › Keyboards, Mice & Accessories › Mice",Sonnvar,39.99,4.8,56,8040,[],
NB-00164,Sonnvar Ergonomic Vertical Mouse | Programmable Buttons | Rechargeable | Adjustable DPI,PRECISE TRACKING: An adjustable sensor handles spreadsheets and games. RECHARGEABLE: One charge lasts weeks of daily use. WRIST FRIENDLY: A sculpted shape keeps the hand in a relaxed position. QUIET CLICKS: Silent buttons will not bother anyone nearby. SIMPLE SETUP: Works out of the box; no account or app sign-up required.,"Electronics › Computers & Accessories › Computer Accessories & Peripherals › Keyboards, Mice & Accessories › Mice",Sonnvar,41.99,4.2,40621,8493,[],
NB-00165,Sonnvar Gaming Mouse | Programmable Buttons | Rechargeable | Right-Handed,PLUG AND PLAY: The tiny receiver stores inside the mouse. WRIST FRIENDLY: A sculpted shape keeps the hand in a relaxed position. PRECISE TRACKING: An adjustable sensor handles spreadsheets and games. QUIET CLICKS: Silent buttons will not bother anyone nearby. WARRANTY: Covered by a one-year limited warranty with friendly email support.,"Electronics › Computers & Accessories › Computer Accessories & Peripherals › Keyboards, Mice & Accessories › Mice",Sonnvar,49.99,4.5,149,7324,[],
NB-00166,Plexmoor Wireless Mouse | Silent Click | 2.4G USB Receiver | Adjustable DPI,"WRIST FRIENDLY: A sculpted shape keeps the hand in a relaxed position. PRECISE TRACKING: An adjustable sensor handles spreadsheets and games. QUIET CLICKS: Silent buttons will not bother anyone nearby. RECHARGEABLE: One charge lasts weeks of daily use. WHAT IS INCLUDED: Device, charging cable and a printed quick-start guide.","Electronics › Computers & Accessories › Computer Accessories & Peripherals › Keyboards, Mice & Accessories › Mice",Plexmoor,48.99,4.3,1482,7903,[],
NB-00167,Halcyra Ergonomic Vertical Mouse | Silent Click | 2.4G USB Receiver | Adjustable DPI,QUIET CLICKS: Silent buttons will not bother anyone nearby. WRIST FRIENDLY: A sculpted shape keeps the hand in a relaxed position. PRECISE TRACKING: An adjustable sensor handles spreadsheets and games. PLUG AND PLAY: The tiny receiver stores inside the mouse. SIMPLE SETUP: Works out of the box; no account or app sign-up required.,"Electronics › Computers & Accessories › Computer Accessories & Peripherals › Keyboards, Mice & Accessories › Mice",Halcyra,42.99,4.4,104,7577,[],
NB-00168,Plexmoor Gaming Mouse | Silent Click | 2.4G USB Receiver | Adjustable DPI,PLUG AND PLAY: The tiny receiver stores inside the mouse. RECHARGEABLE: One charge lasts weeks of daily use. QUIET CLICKS: Silent buttons will not bother anyone nearby. WRIST FRIENDLY: A sculpted shape keeps the hand in a relaxed position. WARRANTY: Covered by a one-year limited warranty with friendly email support.,"Electronics › Computers & Accessories › Computer Accessories & Peripherals › Keyboards, Mice & Accessories › Mice",Plexmoor,43.99,4.2,7869,8370,[],
NB-00169,Halcyra Wireless Mouse | Programmable Buttons | Rechargeable | Right-Handed,QUIET CLICKS: Silent buttons will not bother anyone nearby. PLUG AND PLAY: The tiny receiver stores inside the mouse. PRECISE TRACKING: An adjustable sensor handles spreadsheets and games. WRIST FRIENDLY: A sculpted shape keeps the hand in a relaxed position. SIMPLE SETUP: Works out of the box; no account or app sign-up required.,"Electronics › Computers & Accessories › Computer Accessories & Peripherals › Keyboards, Mice & Accessories › Mice",Halcyra,44.99,4.2,1735,8211,[],
NB-00170,Plexmoor Ergonomic Vertical Mouse | Programmable Buttons | Rechargeable | Adjustable DPI,"PRECISE TRACKING: An adjustable sensor handles spreadsheets and games. PLUG AND PLAY: The tiny receiver stores inside the mouse. QUIET CLICKS: Silent buttons will not bother anyone nearby. WRIST FRIENDLY: A sculpted shape keeps the hand in a relaxed position. WHAT IS INCLUDED: Device, charging cable and a printed quick-start guide.","Electronics › Computers & Accessories › Computer Accessories & Peripherals › Keyboards, Mice & Accessories › Mice",Plexmoor,48.99,4.7,2007,8143,[],
NB-00171,Sonnvar Dual USB-C Flash Drive | 64GB | 2-Pack | Keyring Loop,"FAST TRANSFERS: Moves a full movie in seconds over USB 3.2. TWO CONNECTORS: Plug into a laptop or a phone. BACK UP ANYTHING: Photos, school projects and work files. NO SOFTWARE: Drag and drop files on any computer. WHAT IS INCLUDED: Device, charging cable and a printed quick-start guide.",Electronics › Computers & Accessories › Data Storage › USB Flash Drives,Sonnvar,15.99,4.4,394,7313,[],
NB-00172,Sonnvar Metal Thumb Drive | 64GB | 2-Pack | USB 3.2,"BACK UP ANYTHING: Photos, school projects and work files. FAST TRANSFERS: Moves a full movie in seconds over USB 3.2. TWO CONNECTORS: Plug into a laptop or a phone. TOUGH SHELL: A metal body survives keychains and backpacks. WHAT IS INCLUDED: Device, charging cable and a printed quick-start guide.",Electronics › Computers & Accessories › Data Storage › USB Flash Drives,Sonnvar,19.99,4.6,800,7531,[],
NB-00173,Plexmoor USB Flash Drive | 64GB | Single | USB 3.2,"BACK UP ANYTHING: Photos, school projects and work files. TWO CONNECTORS: Plug into a laptop or a phone. FAST TRANSFERS: Moves a full movie in seconds over USB 3.2. TOUGH SHELL: A metal body survives keychains and backpacks. WHAT IS INCLUDED: Device, charging cable and a printed quick-start guide.",Electronics › Computers & Accessories › Data Storage › USB Flash Drives,Plexmoor,9.99,4.7,916,7910,[],
NB-00174,Sonnvar Dual USB-C Flash Drive | 128GB | 2-Pack | USB 3.2,"FAST TRANSFERS: Moves a full movie in seconds over USB 3.2. TWO CONNECTORS: Plug into a laptop or a phone. NO SOFTWARE: Drag and drop files on any computer. BACK UP ANYTHING: Photos, school projects and work files. WHAT IS INCLUDED: Device, charging cable and a printed quick-start guide.",Electronics › Computers & Accessories › Data Storage › USB Flash Drives,Sonnvar,16.99,4.7,54468,8163,[],
NB-00175,Plexmoor Metal Thumb Drive | 128GB | Single | Keyring Loop,"TOUGH SHELL: A metal body survives keychains and backpacks. TWO CONNECTORS: Plug into a laptop or a phone. FAST TRANSFERS: Moves a full movie in seconds over USB 3.2. BACK UP ANYTHING: Photos, school projects and work files. WARRANTY: Covered by a one-year limited warranty with friendly email support.",Electronics › Computers & Accessories › Data Storage › USB Flash Drives,Plexmoor,25.99,4.3,2403,8306,[],
NB-00176,Lumaxis Low Profile TV Mount | Fits 32-65 inch TVs | Holds 99 lbs | Level Built In,"FULL MOTION: Swivel, tilt and extend the TV for the best view. SLIM PROFILE: Sits close to the wall for a clean look. STRONG STEEL: Heavy-gauge steel holds large screens safely. CABLE TIDY: Built-in clips keep cords out of sight. WARRANTY: Covered by a one-year limited warranty with friendly email support.",Electronics › Television & Video › Accessories › TV Mounts,Lumaxis,34.99,4.4,34780,7941,[],
NB-00177,Quorrin Tilting TV Wall Mount | Fits 32-65 inch TVs | Holds 99 lbs | Level Built In,"EASY INSTALL: A single-stud design and step-by-step guide. STRONG STEEL: Heavy-gauge steel holds large screens safely. FULL MOTION: Swivel, tilt and extend the TV for the best view. CABLE TIDY: Built-in clips keep cords out of sight. WARRANTY: Covered by a one-year limited warranty with friendly email support.",Electronics › Television & Video › Accessories › TV Mounts,Quorrin,41.99,4.7,403,8011,[],
NB-00178,Lumaxis Full Motion TV Wall Mount | Fits 32-65 inch TVs | Holds 132 lbs | Level Built In,"CABLE TIDY: Built-in clips keep cords out of sight. SLIM PROFILE: Sits close to the wall for a clean look. FULL MOTION: Swivel, tilt and extend the TV for the best view. EASY INSTALL: A single-stud design and step-by-step guide. WHAT IS INCLUDED: Device, charging cable and a printed quick-start guide.",Electronics › Television & Video › Accessories › TV Mounts,Lumaxis,25.99,4.4,369,7700,[],
NB-00179,Driftcove Low Profile TV Mount | Fits 42-85 inch TVs | Holds 99 lbs | Level Built In,"CABLE TIDY: Built-in clips keep cords out of sight. FULL MOTION: Swivel, tilt and extend the TV for the best view. STRONG STEEL: Heavy-gauge steel holds large screens safely. EASY INSTALL: A single-stud design and step-by-step guide. WHAT IS INCLUDED: Device, charging cable and a printed quick-start guide.",Electronics › Television & Video › Accessories › TV Mounts,Driftcove,30.99,4.4,103,7599,[],
NB-00180,Quorrin Tilting TV Wall Mount | Fits 42-85 inch TVs | Holds 132 lbs | Level Built In,EASY INSTALL: A single-stud design and step-by-step guide. SLIM PROFILE: Sits close to the wall for a clean look. CABLE TIDY: Built-in clips keep cords out of sight. STRONG STEEL: Heavy-gauge steel holds large screens safely. WARRANTY: Covered by a one-year limited warranty with friendly email support.,Electronics › Television & Video › Accessories › TV Mounts,Quorrin,24.99,4.2,7089,8225,[],
NB-00181,Calmora Snore Stopper Chin Strap | Adjustable | Reusable | 8-Pack,"BREATHE EASIER: Gently opens the nose so air flows freely while you sleep. QUIETER NIGHTS: Helps reduce snoring so both of you get rest. TRAVEL FRIENDLY: A small case keeps it clean in a toiletry bag. SOFT SILICONE: Medical-grade silicone that is comfortable all night. SATISFACTION PROMISE: If it does not work for you, contact us for a replacement or refund.",Health & Household › Health Care › Sleep & Snoring › Snore Reducing Aids,Calmora,25.99,4.8,1276,7565,[],
NB-00182,Purevane Anti Snore Mouth Guard | Adjustable | Travel Case Included | Single,"QUIETER NIGHTS: Helps reduce snoring so both of you get rest. FIND YOUR FIT: Multiple sizes for a snug, secure device. TRAVEL FRIENDLY: A small case keeps it clean in a toiletry bag. BREATHE EASIER: Gently opens the nose so air flows freely while you sleep. SATISFACTION PROMISE: If it does not work for you, contact us for a replacement or refund.",Health & Household › Health Care › Sleep & Snoring › Snore Reducing Aids,Purevane,17.99,4.5,116,7560,[],
NB-00183,Wellspire Anti Snoring Nasal Dilators | Adjustable | Reusable | 8-Pack,"QUIETER NIGHTS: Helps reduce snoring so both of you get rest. FIND YOUR FIT: Multiple sizes for a snug, secure device. SOFT SILICONE: Medical-grade silicone that is comfortable all night. BREATHE EASIER: Gently opens the nose so air flows freely while you sleep. QUALITY CHECKED: Every batch is inspected before it leaves the warehouse.",Health & Household › Health Care › Sleep & Snoring › Snore Reducing Aids,Wellspire,26.99,4.5,12623,7772,[],
NB-00184,Purevane Snore Stopper Chin Strap | 4 Sizes | Reusable | Single,"QUIETER NIGHTS: Helps reduce snoring so both of you get rest. TRAVEL FRIENDLY: A small case keeps it clean in a toiletry bag. SOFT SILICONE: Medical-grade silicone that is comfortable all night. FIND YOUR FIT: Multiple sizes for a snug, secure device. QUALITY CHECKED: Every batch is inspected before it leaves the warehouse.",Health & Household › Health Care › Sleep & Snoring › Snore Reducing Aids,Purevane,26.99,4.8,578,7814,[],
NB-00185,Wellspire Anti Snore Mouth Guard | 4 Sizes | Reusable | 8-Pack,"QUIETER NIGHTS: Helps reduce snoring so both of you get rest. TRAVEL FRIENDLY: A small case keeps it clean in a toiletry bag. FIND YOUR FIT: Multiple sizes for a snug, secure device. SOFT SILICONE: Medical-grade silicone that is comfortable all night. SATISFACTION PROMISE: If it does not work for you, contact us for a replacement or refund.",Health & Household › Health Care › Sleep & Snoring › Snore Reducing Aids,Wellspire,23.99,4.3,295,7913,[],
NB-00186,Heronfield Ultrasonic Pest Repeller | 2-Pack | Night Light | Indoor,"WHOLE ROOM: Each unit covers a kitchen, garage or basement. QUIET FOR PEOPLE: The sound is above the range most people can hear. PLUG IN AND FORGET: Plug the repeller into any outlet and it runs day and night. NO CHEMICALS: No sprays, poisons or traps around kids and pets. THOUGHTFUL PACKAGING: Ships in recyclable packaging with clear instructions.",Health & Household › Household Supplies › Indoor Insect & Pest Control › Ultrasonic Repellers,Heronfield,30.99,4.4,241,7835,[],
NB-00187,Heronfield Plug In Mouse Repeller | 2-Pack | Night Light | Indoor,"ULTRASONIC WAVES: High-frequency sound drives mice, rodents and insects away. QUIET FOR PEOPLE: The sound is above the range most people can hear. PLUG IN AND FORGET: Plug the repeller into any outlet and it runs day and night. WHOLE ROOM: Each unit covers a kitchen, garage or basement. QUALITY CHECKED: Every batch is inspected before it leaves the warehouse.",Health & Household › Household Supplies › Indoor Insect & Pest Control › Ultrasonic Repellers,Heronfield,26.99,4.5,40318,8002,[],
NB-00188,Solace & Sage Ultrasonic Insect Repeller | 2-Pack | Adjustable Modes | Covers 1200 sq ft,"PLUG IN AND FORGET: Plug the repeller into any outlet and it runs day and night. QUIET FOR PEOPLE: The sound is above the range most people can hear. NO CHEMICALS: No sprays, poisons or traps around kids and pets. ULTRASONIC WAVES: High-frequency sound drives mice, rodents and insects away. QUALITY CHECKED: Every batch is inspected before it leaves the warehouse.",Health & Household › Household Supplies › Indoor Insect & Pest Control › Ultrasonic Repellers,Solace & Sage,28.99,4.3,175,7335,[],
NB-00189,Solace & Sage Ultrasonic Pest Repeller | 4-Pack | Adjustable Modes | Covers 1200 sq ft,"QUIET FOR PEOPLE: The sound is above the range most people can hear. WHOLE ROOM: Each unit covers a kitchen, garage or basement. PLUG IN AND FORGET: Plug the repeller into any outlet and it runs day and night. NO CHEMICALS: No sprays, poisons or traps around kids and pets. THOUGHTFUL PACKAGING: Ships in recyclable packaging with clear instructions.",Health & Household › Household Supplies › Indoor Insect & Pest Control › Ultrasonic Repellers,Solace & Sage,19.99,4.1,118,8122,[],
NB-00190,Solace & Sage Plug In Mouse Repeller | 4-Pack | Night Light | Covers 1200 sq ft,"ULTRASONIC WAVES: High-frequency sound drives mice, rodents and insects away. NO CHEMICALS: No sprays, poisons or traps around kids and pets. QUIET FOR PEOPLE: The sound is above the range most people can hear. WHOLE ROOM: Each unit covers a kitchen, garage or basement. SATISFACTION PROMISE: If it does not work for you, contact us for a replacement or refund.",Health & Household › Household Supplies › Indoor Insect & Pest Control › Ultrasonic Repellers,Solace & Sage,29.99,4.3,155,7697,[],
NB-00191,Solace & Sage Reusable Food Storage Bags | Quart Size | 60 Count | Write-On Label,"FREEZER TOUGH: Thick bags protect leftovers and meal prep from freezer burn. STANDS UP: A gusseted bottom stands open for easy filling. LABEL IT: A write-on panel for dates and contents. MANY USES: Great for lunches, marinating and organizing small items. SATISFACTION PROMISE: If it does not work for you, contact us for a replacement or refund.",Health & Household › Household Supplies › Paper & Plastic › Disposable Food Storage › Food Storage Bags,Solace & Sage,10.99,4.6,16508,8392,[],
NB-00192,Nestwell Double Zipper Storage Bags | Quart Size | 12 Count | Write-On Label,LABEL IT: A write-on panel for dates and contents. SEALS TIGHT: A double zipper locks in freshness. STANDS UP: A gusseted bottom stands open for easy filling. FREEZER TOUGH: Thick bags protect leftovers and meal prep from freezer burn. QUALITY CHECKED: Every batch is inspected before it leaves the warehouse.,Health & Household › Household Supplies › Paper & Plastic › Disposable Food Storage › Food Storage Bags,Nestwell,9.99,4.3,73,8413,[],
NB-00193,Heronfield Zipper Freezer Bags | Quart Size | 12 Count | Write-On Label,STANDS UP: A gusseted bottom stands open for easy filling. SEALS TIGHT: A double zipper locks in freshness. FREEZER TOUGH: Thick bags protect leftovers and meal prep from freezer burn. LABEL IT: A write-on panel for dates and contents. THOUGHTFUL PACKAGING: Ships in recyclable packaging with clear instructions.,Health & Household › Household Supplies › Paper & Plastic › Disposable Food Storage › Food Storage Bags,Heronfield,14.99,4.0,57,8601,[],
NB-00194,Nestwell Reusable Food Storage Bags | Sandwich Size | 12 Count | Leakproof,"FREEZER TOUGH: Thick bags protect leftovers and meal prep from freezer burn. LABEL IT: A write-on panel for dates and contents. STANDS UP: A gusseted bottom stands open for easy filling. MANY USES: Great for lunches, marinating and organizing small items. THOUGHTFUL PACKAGING: Ships in recyclable packaging with clear instructions.",Health & Household › Household Supplies › Paper & Plastic › Disposable Food Storage › Food Storage Bags,Nestwell,13.99,4.4,1504,7576,[],
NB-00195,Nestwell Double Zipper Storage Bags | Sandwich Size | 100 Count | Leakproof,"FREEZER TOUGH: Thick bags protect leftovers and meal prep from freezer burn. SEALS TIGHT: A double zipper locks in freshness. LABEL IT: A write-on panel for dates and contents. MANY USES: Great for lunches, marinating and organizing small items. SATISFACTION PROMISE: If it does not work for you, contact us for a replacement or refund.",Health & Household › Household Supplies › Paper & Plastic › Disposable Food Storage › Food Storage Bags,Nestwell,8.99,4.7,12529,8468,[],
NB-00196,Heronfield Zipper Freezer Bags | Sandwich Size | 12 Count | Leakproof,"SEALS TIGHT: A double zipper locks in freshness. STANDS UP: A gusseted bottom stands open for easy filling. MANY USES: Great for lunches, marinating and organizing small items. FREEZER TOUGH: Thick bags protect leftovers and meal prep from freezer burn. SATISFACTION PROMISE: If it does not work for you, contact us for a replacement or refund.",Health & Household › Household Supplies › Paper & Plastic › Disposable Food Storage › Food Storage Bags,Heronfield,16.99,4.4,64,8116,[],
NB-00197,Brightmoor Purple Color Corrector Toothpaste | Fresh Spearmint | 2-Pack | Fluoride,COLOR CORRECTING: A purple formula cancels yellow tones for a whiter look after brushing. BRIGHTER SMILE: Helps lift surface stains from coffee and tea. FRESH BREATH: A cool mint flavor that lasts. SENSITIVE RELIEF: Soothes teeth that react to hot and cold. THOUGHTFUL PACKAGING: Ships in recyclable packaging with clear instructions.,Health & Household › Oral Care › Toothpaste,Brightmoor,9.99,4.4,56406,7612,[],
NB-00198,Calmora Sensitive Toothpaste | Fresh Spearmint | 2-Pack | Fluoride,BRIGHTER SMILE: Helps lift surface stains from coffee and tea. SENSITIVE RELIEF: Soothes teeth that react to hot and cold. COLOR CORRECTING: A purple formula cancels yellow tones for a whiter look after brushing. GENTLE ON ENAMEL: Low-abrasion formula for everyday use. THOUGHTFUL PACKAGING: Ships in recyclable packaging with clear instructions.,Health & Household › Oral Care › Toothpaste,Calmora,8.99,4.8,1219,7611,[],
NB-00199,Brightmoor Whitening Toothpaste | Fresh Spearmint | 2-Pack | Fluoride,"BRIGHTER SMILE: Helps lift surface stains from coffee and tea. SENSITIVE RELIEF: Soothes teeth that react to hot and cold. GENTLE ON ENAMEL: Low-abrasion formula for everyday use. FRESH BREATH: A cool mint flavor that lasts. SATISFACTION PROMISE: If it does not work for you, contact us for a replacement or refund.",Health & Household › Oral Care › Toothpaste,Brightmoor,6.99,4.7,35793,7502,[],
NB-00200,Brightmoor Purple Color Corrector Toothpaste | Mint | Single Tube | Fluoride,FRESH BREATH: A cool mint flavor that lasts. COLOR CORRECTING: A purple formula cancels yellow tones for a whiter look after brushing. GENTLE ON ENAMEL: Low-abrasion formula for everyday use. BRIGHTER SMILE: Helps lift surface stains from coffee and tea. QUALITY CHECKED: Every batch is inspected before it leaves the warehouse.,Health & Household › Oral Care › Toothpaste,Brightmoor,11.99,4.3,372,8427,[],
NB-00201,Brightmoor Sensitive Toothpaste | Mint | Single Tube | Enamel Safe,"BRIGHTER SMILE: Helps lift surface stains from coffee and tea. FRESH BREATH: A cool mint flavor that lasts. SENSITIVE RELIEF: Soothes teeth that react to hot and cold. COLOR CORRECTING: A purple formula cancels yellow tones for a whiter look after brushing. SATISFACTION PROMISE: If it does not work for you, contact us for a replacement or refund.",Health & Household › Oral Care › Toothpaste,Brightmoor,11.99,4.5,154,7410,[],
NB-00202,Nestwell Blue Light Blocking Reading Glasses | +1.5 | 3-Pack | Spring Hinges,"FLEXIBLE HINGES: Spring hinges bend without breaking. LIGHTWEIGHT: Barely noticeable on the nose for hours. CLEAR MAGNIFICATION: Sharp readers for books, menus and phones. BLUE LIGHT FILTER: Lenses cut glare from screens for comfortable evening reading. THOUGHTFUL PACKAGING: Ships in recyclable packaging with clear instructions.",Health & Household › Vision › Reading Glasses,Nestwell,14.99,4.6,1404,7704,[],
NB-00203,Wellspire Computer Readers | +1.5 | 3-Pack | Spring Hinges,"BLUE LIGHT FILTER: Lenses cut glare from screens for comfortable evening reading. LIGHTWEIGHT: Barely noticeable on the nose for hours. CLEAR MAGNIFICATION: Sharp readers for books, menus and phones. PAIR FOR EVERY ROOM: A multipack for the desk, nightstand and car. QUALITY CHECKED: Every batch is inspected before it leaves the warehouse.",Health & Household › Vision › Reading Glasses,Wellspire,19.99,4.4,7073,7656,[],
NB-00204,Purevane Lightweight Reading Glasses | +1.5 | 5-Pack | Spring Hinges,"LIGHTWEIGHT: Barely noticeable on the nose for hours. BLUE LIGHT FILTER: Lenses cut glare from screens for comfortable evening reading. CLEAR MAGNIFICATION: Sharp readers for books, menus and phones. PAIR FOR EVERY ROOM: A multipack for the desk, nightstand and car. THOUGHTFUL PACKAGING: Ships in recyclable packaging with clear instructions.",Health & Household › Vision › Reading Glasses,Purevane,16.99,4.6,444,7431,[],
NB-00205,Nestwell Blue Light Blocking Reading Glasses | +2.0 | 5-Pack | Spring Hinges,"FLEXIBLE HINGES: Spring hinges bend without breaking. LIGHTWEIGHT: Barely noticeable on the nose for hours. CLEAR MAGNIFICATION: Sharp readers for books, menus and phones. PAIR FOR EVERY ROOM: A multipack for the desk, nightstand and car. QUALITY CHECKED: Every batch is inspected before it leaves the warehouse.",Health & Household › Vision › Reading Glasses,Nestwell,20.99,4.3,16609,8625,[],
NB-00206,Nestwell Computer Readers | +2.0 | 3-Pack | Spring Hinges,"BLUE LIGHT FILTER: Lenses cut glare from screens for comfortable evening reading. LIGHTWEIGHT: Barely noticeable on the nose for hours. CLEAR MAGNIFICATION: Sharp readers for books, menus and phones. PAIR FOR EVERY ROOM: A multipack for the desk, nightstand and car. QUALITY CHECKED: Every batch is inspected before it leaves the warehouse.",Health & Household › Vision › Reading Glasses,Nestwell,26.99,4.4,747,7581,[],
NB-00207,Purevane Lightweight Reading Glasses | +2.0 | 5-Pack | Tortoise Frames,"LIGHTWEIGHT: Barely noticeable on the nose for hours. BLUE LIGHT FILTER: Lenses cut glare from screens for comfortable evening reading. CLEAR MAGNIFICATION: Sharp readers for books, menus and phones. FLEXIBLE HINGES: Spring hinges bend without breaking. QUALITY CHECKED: Every batch is inspected before it leaves the warehouse.",Health & Household › Vision › Reading Glasses,Purevane,22.99,4.5,1540,7408,[],
NB-00208,Heronfield Unflavored Collagen Powder | 10 oz | Vanilla | Grass-Fed,"SIMPLE INGREDIENTS: No added sugar, gluten or dairy. JOINT SUPPORT: A daily scoop supports joints and recovery. GENEROUS SUPPLY: About a month of daily servings per container. MIXES EASILY: The powder dissolves in coffee, smoothies or water. QUALITY CHECKED: Every batch is inspected before it leaves the warehouse.","Health & Household › Vitamins, Minerals & Supplements › Collagen",Heronfield,33.99,4.3,149,7929,[],
NB-00209,Heronfield Collagen Protein Powder | 10 oz | Unflavored | Grass-Fed,"HAIR SKIN AND NAILS: Collagen peptides support healthy hair, skin and nails. JOINT SUPPORT: A daily scoop supports joints and recovery. SIMPLE INGREDIENTS: No added sugar, gluten or dairy. GENEROUS SUPPLY: About a month of daily servings per container. THOUGHTFUL PACKAGING: Ships in recyclable packaging with clear instructions.","Health & Household › Vitamins, Minerals & Supplements › Collagen",Heronfield,30.99,4.5,164,8032,[],
NB-00210,Brightmoor Collagen Peptides Powder | 10 oz | Vanilla | Types I and III,"JOINT SUPPORT: A daily scoop supports joints and recovery. GENEROUS SUPPLY: About a month of daily servings per container. SIMPLE INGREDIENTS: No added sugar, gluten or dairy. HAIR SKIN AND NAILS: Collagen peptides support healthy hair, skin and nails. THOUGHTFUL PACKAGING: Ships in recyclable packaging with clear instructions.","Health & Household › Vitamins, Minerals & Supplements › Collagen",Brightmoor,38.99,4.2,5313,7748,[],
NB-00211,Brightmoor Unflavored Collagen Powder | 20 oz | Vanilla | Types I and III,"JOINT SUPPORT: A daily scoop supports joints and recovery. SIMPLE INGREDIENTS: No added sugar, gluten or dairy. HAIR SKIN AND NAILS: Collagen peptides support healthy hair, skin and nails. GENEROUS SUPPLY: About a month of daily servings per container. SATISFACTION PROMISE: If it does not work for you, contact us for a replacement or refund.","Health & Household › Vitamins, Minerals & Supplements › Collagen",Brightmoor,30.99,4.3,5331,7705,[],
NB-00212,Brightmoor Collagen Protein Powder | 20 oz | Vanilla | Types I and III,"SIMPLE INGREDIENTS: No added sugar, gluten or dairy. HAIR SKIN AND NAILS: Collagen peptides support healthy hair, skin and nails. GENEROUS SUPPLY: About a month of daily servings per container. MIXES EASILY: The powder dissolves in coffee, smoothies or water. THOUGHTFUL PACKAGING: Ships in recyclable packaging with clear instructions.","Health & Household › Vitamins, Minerals & Supplements › Collagen",Brightmoor,25.99,4.2,10571,8509,[],
NB-00213,Vitalune Percussion Muscle Massager | 4 Heads | 20 Speeds | Quiet Motor,"MANY HEADS: Swap heads for large muscle groups or pinpoint knots. QUIET MOTOR: Runs quietly enough to use while watching TV. LONG BATTERY: Hours of use per charge. AFTER WORKOUTS: Speeds up recovery after runs, lifting and long days at a desk. THOUGHTFUL PACKAGING: Ships in recyclable packaging with clear instructions.",Health & Household › Wellness & Relaxation › Massage Tools & Equipment › Handheld Massagers,Vitalune,92.99,4.5,189,8480,[],
NB-00214,Vitalune Neck and Back Massager | 4 Heads | 20 Speeds | Quiet Motor,"MUSCLE RELIEF: Deep percussion eases sore back, neck and shoulder muscles. AFTER WORKOUTS: Speeds up recovery after runs, lifting and long days at a desk. QUIET MOTOR: Runs quietly enough to use while watching TV. LONG BATTERY: Hours of use per charge. SATISFACTION PROMISE: If it does not work for you, contact us for a replacement or refund.",Health & Household › Wellness & Relaxation › Massage Tools & Equipment › Handheld Massagers,Vitalune,46.99,4.4,56906,7619,[],
NB-00215,Vitalune Massage Gun Deep Tissue Massager | 4 Heads | 20 Speeds | Quiet Motor,"LONG BATTERY: Hours of use per charge. QUIET MOTOR: Runs quietly enough to use while watching TV. MANY HEADS: Swap heads for large muscle groups or pinpoint knots. AFTER WORKOUTS: Speeds up recovery after runs, lifting and long days at a desk. SATISFACTION PROMISE: If it does not work for you, contact us for a replacement or refund.",Health & Household › Wellness & Relaxation › Massage Tools & Equipment › Handheld Massagers,Vitalune,94.99,4.5,1709,7909,[],
NB-00216,Calmora Percussion Muscle Massager | 6 Heads | 30 Speeds | Carry Case,"LONG BATTERY: Hours of use per charge. MANY HEADS: Swap heads for large muscle groups or pinpoint knots. QUIET MOTOR: Runs quietly enough to use while watching TV. MUSCLE RELIEF: Deep percussion eases sore back, neck and shoulder muscles. SATISFACTION PROMISE: If it does not work for you, contact us for a replacement or refund.",Health & Household › Wellness & Relaxation › Massage Tools & Equipment › Handheld Massagers,Calmora,125.99,4.4,1359,7439,[],
NB-00217,Vitalune Neck and Back Massager | 6 Heads | 20 Speeds | Carry Case,"MANY HEADS: Swap heads for large muscle groups or pinpoint knots. AFTER WORKOUTS: Speeds up recovery after runs, lifting and long days at a desk. LONG BATTERY: Hours of use per charge. MUSCLE RELIEF: Deep percussion eases sore back, neck and shoulder muscles. QUALITY CHECKED: Every batch is inspected before it leaves the warehouse.",Health & Household › Wellness & Relaxation › Massage Tools & Equipment › Handheld Massagers,Vitalune,84.99,4.5,136,7892,[],
NB-00218,Wellspire Massage Gun Deep Tissue Massager | 6 Heads | 20 Speeds | Carry Case,"AFTER WORKOUTS: Speeds up recovery after runs, lifting and long days at a desk. LONG BATTERY: Hours of use per charge. QUIET MOTOR: Runs quietly enough to use while watching TV. MANY HEADS: Swap heads for large muscle groups or pinpoint knots. THOUGHTFUL PACKAGING: Ships in recyclable packaging with clear instructions.",Health & Household › Wellness & Relaxation › Massage Tools & Equipment › Handheld Massagers,Wellspire,65.99,4.5,8306,8593,[],
NB-00219,Wellspire Percussion Muscle Massager | 8 Heads | 20 Speeds | Quiet Motor,"MUSCLE RELIEF: Deep percussion eases sore back, neck and shoulder muscles. AFTER WORKOUTS: Speeds up recovery after runs, lifting and long days at a desk. MANY HEADS: Swap heads for large muscle groups or pinpoint knots. QUIET MOTOR: Runs quietly enough to use while watching TV. QUALITY CHECKED: Every batch is inspected before it leaves the warehouse.",Health & Household › Wellness & Relaxation › Massage Tools & Equipment › Handheld Massagers,Wellspire,70.99,4.6,65,8340,[],
NB-00220,Wellspire Microwavable Heat Wrap | Standard | Auto Shut-Off | Gel Beads,"WASHABLE COVER: The plush cover comes off for the laundry. SAFE TO SNOOZE: Auto shut-off turns it off after two hours. SOOTHING WARMTH: Fast heat for an aching back, cramps and stiff shoulders. TARGETED RELIEF: Shaped to hug the neck, back or joints. SATISFACTION PROMISE: If it does not work for you, contact us for a replacement or refund.",Health & Household › Health Care › Pain Relief › Hot & Cold Therapies,Wellspire,32.99,4.6,1161,8123,[],
NB-00221,Wellspire Electric Heating Pad | Standard | Moist Heat Option | Machine Washable Cover,"SOOTHING WARMTH: Fast heat for an aching back, cramps and stiff shoulders. WASHABLE COVER: The plush cover comes off for the laundry. SAFE TO SNOOZE: Auto shut-off turns it off after two hours. COLD THERAPY: Stays flexible when frozen to wrap around knees and ankles. SATISFACTION PROMISE: If it does not work for you, contact us for a replacement or refund.",Health & Household › Health Care › Pain Relief › Hot & Cold Therapies,Wellspire,39.99,4.6,166,7725,[],
NB-00222,Wellspire Reusable Ice Pack | Standard | Moist Heat Option | Gel Beads,"SOOTHING WARMTH: Fast heat for an aching back, cramps and stiff shoulders. SAFE TO SNOOZE: Auto shut-off turns it off after two hours. COLD THERAPY: Stays flexible when frozen to wrap around knees and ankles. WASHABLE COVER: The plush cover comes off for the laundry. THOUGHTFUL PACKAGING: Ships in recyclable packaging with clear instructions.",Health & Household › Health Care › Pain Relief › Hot & Cold Therapies,Wellspire,23.99,4.4,2036,7328,[],
NB-00223,Calmora Microwavable Heat Wrap | Extra Large | Moist Heat Option | Machine Washable Cover,"SOOTHING WARMTH: Fast heat for an aching back, cramps and stiff shoulders. SAFE TO SNOOZE: Auto shut-off turns it off after two hours. TARGETED RELIEF: Shaped to hug the neck, back or joints. WASHABLE COVER: The plush cover comes off for the laundry. THOUGHTFUL PACKAGING: Ships in recyclable packaging with clear instructions.",Health & Household › Health Care › Pain Relief › Hot & Cold Therapies,Calmora,16.99,4.6,89,8264,[],
NB-00224,Calmora Electric Heating Pad | Extra Large | Auto Shut-Off | Machine Washable Cover,"COLD THERAPY: Stays flexible when frozen to wrap around knees and ankles. SAFE TO SNOOZE: Auto shut-off turns it off after two hours. WASHABLE COVER: The plush cover comes off for the laundry. TARGETED RELIEF: Shaped to hug the neck, back or joints. SATISFACTION PROMISE: If it does not work for you, contact us for a replacement or refund.",Health & Household › Health Care › Pain Relief › Hot & Cold Therapies,Calmora,27.99,4.1,714,7881,[],
NB-00225,Calmora Reusable Ice Pack | Extra Large | Moist Heat Option | Machine Washable Cover,"SAFE TO SNOOZE: Auto shut-off turns it off after two hours. TARGETED RELIEF: Shaped to hug the neck, back or joints. SOOTHING WARMTH: Fast heat for an aching back, cramps and stiff shoulders. WASHABLE COVER: The plush cover comes off for the laundry. SATISFACTION PROMISE: If it does not work for you, contact us for a replacement or refund.",Health & Household › Health Care › Pain Relief › Hot & Cold Therapies,Calmora,38.99,4.1,160,8118,[],
NB-00226,Wellspire Wrist Blood Pressure Monitor | Standard Cuff | 2 User Memory | Irregular Heartbeat Alert,"TRACK TRENDS: Stores readings for two people. COMFORTABLE CUFF: Fits a wide range of arm sizes. HEARTBEAT ALERT: Flags readings taken during an irregular heartbeat. EASY TO READ: A large backlit display shows numbers clearly. SATISFACTION PROMISE: If it does not work for you, contact us for a replacement or refund.",Health & Household › Health Care › Health Monitors › Blood Pressure Monitors,Wellspire,41.99,4.3,1214,8169,[],
NB-00227,Purevane Upper Arm Blood Pressure Monitor | Standard Cuff | Large Display | Carry Case,"HEARTBEAT ALERT: Flags readings taken during an irregular heartbeat. EASY TO READ: A large backlit display shows numbers clearly. TRACK TRENDS: Stores readings for two people. ONE-BUTTON READING: Press start and get a reading in under a minute. SATISFACTION PROMISE: If it does not work for you, contact us for a replacement or refund.",Health & Household › Health Care › Health Monitors › Blood Pressure Monitors,Purevane,46.99,4.4,2263,8152,[],
NB-00228,Calmora Wrist Blood Pressure Monitor | Large Cuff | 2 User Memory | Carry Case,ONE-BUTTON READING: Press start and get a reading in under a minute. HEARTBEAT ALERT: Flags readings taken during an irregular heartbeat. EASY TO READ: A large backlit display shows numbers clearly. TRACK TRENDS: Stores readings for two people. QUALITY CHECKED: Every batch is inspected before it leaves the warehouse.,Health & Household › Health Care › Health Monitors › Blood Pressure Monitors,Calmora,38.99,4.2,23712,8098,[],
NB-00229,Wellspire Upper Arm Blood Pressure Monitor | Large Cuff | Large Display | Irregular Heartbeat Alert,HEARTBEAT ALERT: Flags readings taken during an irregular heartbeat. TRACK TRENDS: Stores readings for two people. COMFORTABLE CUFF: Fits a wide range of arm sizes. ONE-BUTTON READING: Press start and get a reading in under a minute. THOUGHTFUL PACKAGING: Ships in recyclable packaging with clear instructions.,Health & Household › Health Care › Health Monitors › Blood Pressure Monitors,Wellspire,49.99,4.4,18218,8434,[],
NB-00230,Calmora Wrist Blood Pressure Monitor | Standard Cuff | 2 User Memory | Carry Case,TRACK TRENDS: Stores readings for two people. COMFORTABLE CUFF: Fits a wide range of arm sizes. ONE-BUTTON READING: Press start and get a reading in under a minute. HEARTBEAT ALERT: Flags readings taken during an irregular heartbeat. THOUGHTFUL PACKAGING: Ships in recyclable packaging with clear instructions.,Health & Household › Health Care › Health Monitors › Blood Pressure Monitors,Calmora,47.99,4.4,86,7891,[],
NB-00231,Solace & Sage Lint-Free Glass Cloths | 24-Pack | Gray | 16 x 16 in,"WASH AND REUSE: Hundreds of washes before they wear out. COLOR CODED: Use different colors for the kitchen and the bathroom. TRAPS DUST: Split fibers grab dust instead of pushing it around. STREAK FREE: Leaves windows, mirrors and screens spotless. THOUGHTFUL PACKAGING: Ships in recyclable packaging with clear instructions.",Health & Household › Household Supplies › Cleaning Tools › Microfiber Cloths,Solace & Sage,13.99,4.0,700,7590,[],
NB-00232,Solace & Sage Microfiber Dusting Cloths | 24-Pack | Assorted Colors | 12 x 12 in,WASH AND REUSE: Hundreds of washes before they wear out. TRAPS DUST: Split fibers grab dust instead of pushing it around. COLOR CODED: Use different colors for the kitchen and the bathroom. CHEMICAL FREE: Cleans most surfaces with just water. THOUGHTFUL PACKAGING: Ships in recyclable packaging with clear instructions.,Health & Household › Household Supplies › Cleaning Tools › Microfiber Cloths,Solace & Sage,12.99,4.5,171,7346,[],
NB-00233,Nestwell Microfiber Cleaning Cloths | 24-Pack | Assorted Colors | 16 x 16 in,"CHEMICAL FREE: Cleans most surfaces with just water. WASH AND REUSE: Hundreds of washes before they wear out. TRAPS DUST: Split fibers grab dust instead of pushing it around. COLOR CODED: Use different colors for the kitchen and the bathroom. SATISFACTION PROMISE: If it does not work for you, contact us for a replacement or refund.",Health & Household › Household Supplies › Cleaning Tools › Microfiber Cloths,Nestwell,10.99,4.8,18474,8031,[],
NB-00234,Solace & Sage Lint-Free Glass Cloths | 50-Pack | Gray | 16 x 16 in,"TRAPS DUST: Split fibers grab dust instead of pushing it around. CHEMICAL FREE: Cleans most surfaces with just water. STREAK FREE: Leaves windows, mirrors and screens spotless. WASH AND REUSE: Hundreds of washes before they wear out. THOUGHTFUL PACKAGING: Ships in recyclable packaging with clear instructions.",Health & Household › Household Supplies › Cleaning Tools › Microfiber Cloths,Solace & Sage,18.99,4.5,53,7707,[],
NB-00235,Heronfield Microfiber Dusting Cloths | 50-Pack | Assorted Colors | 16 x 16 in,"STREAK FREE: Leaves windows, mirrors and screens spotless. CHEMICAL FREE: Cleans most surfaces with just water. WASH AND REUSE: Hundreds of washes before they wear out. COLOR CODED: Use different colors for the kitchen and the bathroom. SATISFACTION PROMISE: If it does not work for you, contact us for a replacement or refund.",Health & Household › Household Supplies › Cleaning Tools › Microfiber Cloths,Heronfield,19.99,4.3,51231,8017,[],
NB-00236,Nestwell Compact Travel First Aid Kit | 150 Pieces | Waterproof Case | Emergency Blanket,"GRAB AND GO: A compact case for the car, the office or a hiking pack. FAMILY SIZE: Enough supplies for a busy household. REFILLABLE: Restock individual items as you use them. ORGANIZED: Labeled pockets help you find supplies fast. QUALITY CHECKED: Every batch is inspected before it leaves the warehouse.",Health & Household › Medical Supplies & Equipment › First Aid › First Aid Kits,Nestwell,27.99,4.3,56793,7758,[],
NB-00237,Heronfield Car Emergency First Aid Kit | 150 Pieces | Waterproof Case | Emergency Blanket,"REFILLABLE: Restock individual items as you use them. FAMILY SIZE: Enough supplies for a busy household. READY FOR ANYTHING: Bandages, gauze, wipes and tape for everyday cuts and scrapes. ORGANIZED: Labeled pockets help you find supplies fast. QUALITY CHECKED: Every batch is inspected before it leaves the warehouse.",Health & Household › Medical Supplies & Equipment › First Aid › First Aid Kits,Heronfield,26.99,4.6,2000,7423,[],
NB-00238,Heronfield Home First Aid Kit | 150 Pieces | Zip Bag | Emergency Blanket,"ORGANIZED: Labeled pockets help you find supplies fast. READY FOR ANYTHING: Bandages, gauze, wipes and tape for everyday cuts and scrapes. REFILLABLE: Restock individual items as you use them. FAMILY SIZE: Enough supplies for a busy household. SATISFACTION PROMISE: If it does not work for you, contact us for a replacement or refund.",Health & Household › Medical Supplies & Equipment › First Aid › First Aid Kits,Heronfield,33.99,4.5,134,7823,[],
NB-00239,Nestwell Compact Travel First Aid Kit | 250 Pieces | Zip Bag | Labeled Compartments,"REFILLABLE: Restock individual items as you use them. FAMILY SIZE: Enough supplies for a busy household. READY FOR ANYTHING: Bandages, gauze, wipes and tape for everyday cuts and scrapes. GRAB AND GO: A compact case for the car, the office or a hiking pack. SATISFACTION PROMISE: If it does not work for you, contact us for a replacement or refund.",Health & Household › Medical Supplies & Equipment › First Aid › First Aid Kits,Nestwell,34.99,4.6,14782,7503,[],
NB-00240,Heronfield Car Emergency First Aid Kit | 250 Pieces | Zip Bag | Labeled Compartments,"REFILLABLE: Restock individual items as you use them. READY FOR ANYTHING: Bandages, gauze, wipes and tape for everyday cuts and scrapes. FAMILY SIZE: Enough supplies for a busy household. ORGANIZED: Labeled pockets help you find supplies fast. QUALITY CHECKED: Every batch is inspected before it leaves the warehouse.",Health & Household › Medical Supplies & Equipment › First Aid › First Aid Kits,Heronfield,23.99,4.5,1034,8306,[],
NB-00241,Copperwren Nonstick Frying Pan | 8-inch | Induction Compatible | Stay-Cool Handle,"SLIDES RIGHT OFF: A nonstick cooking surface releases eggs and pancakes with little oil. EVEN HEAT: A thick base spreads heat without hot spots. ANY STOVETOP: Works on gas, electric and induction. EASY CLEANUP: Wipes clean in seconds. GIFT IDEA: A practical gift for housewarmings and weddings.",Home & Kitchen › Kitchen & Dining › Cookware › Pots & Pans › Frying Pans & Skillets,Copperwren,27.99,4.7,9458,8577,[],
NB-00242,Copperwren Ceramic Nonstick Skillet | 8-inch | Induction Compatible | With Lid,"SLIDES RIGHT OFF: A nonstick cooking surface releases eggs and pancakes with little oil. ANY STOVETOP: Works on gas, electric and induction. COOL HANDLE: A riveted handle stays comfortable to hold. EASY CLEANUP: Wipes clean in seconds. EASY TO LOVE: Designed to look good on the counter, the bed or the shelf.",Home & Kitchen › Kitchen & Dining › Cookware › Pots & Pans › Frying Pans & Skillets,Copperwren,69.99,4.1,139,8468,[],
NB-00243,Copperwren Cast Iron Skillet | 8-inch | Oven Safe to 450F | With Lid,"COOL HANDLE: A riveted handle stays comfortable to hold. ANY STOVETOP: Works on gas, electric and induction. SLIDES RIGHT OFF: A nonstick cooking surface releases eggs and pancakes with little oil. EASY CLEANUP: Wipes clean in seconds. CARE GUIDE: Care instructions are printed on the tag and in the box.",Home & Kitchen › Kitchen & Dining › Cookware › Pots & Pans › Frying Pans & Skillets,Copperwren,53.99,4.7,10316,8494,[],
NB-00244,Hearthwell Nonstick Frying Pan | 10-inch | Oven Safe to 450F | Stay-Cool Handle,"EVEN HEAT: A thick base spreads heat without hot spots. ANY STOVETOP: Works on gas, electric and induction. EASY CLEANUP: Wipes clean in seconds. COOL HANDLE: A riveted handle stays comfortable to hold. CARE GUIDE: Care instructions are printed on the tag and in the box.",Home & Kitchen › Kitchen & Dining › Cookware › Pots & Pans › Frying Pans & Skillets,Hearthwell,25.99,4.8,1492,7990,[],
NB-00245,Linnemore Ceramic Nonstick Skillet | 10-inch | Oven Safe to 450F | Stay-Cool Handle,"EVEN HEAT: A thick base spreads heat without hot spots. COOL HANDLE: A riveted handle stays comfortable to hold. ANY STOVETOP: Works on gas, electric and induction. EASY CLEANUP: Wipes clean in seconds. CARE GUIDE: Care instructions are printed on the tag and in the box.",Home & Kitchen › Kitchen & Dining › Cookware › Pots & Pans › Frying Pans & Skillets,Linnemore,38.99,4.4,2992,7754,[],
NB-00246,Linnemore Cast Iron Skillet | 10-inch | Induction Compatible | With Lid,"SLIDES RIGHT OFF: A nonstick cooking surface releases eggs and pancakes with little oil. ANY STOVETOP: Works on gas, electric and induction. EVEN HEAT: A thick base spreads heat without hot spots. EASY CLEANUP: Wipes clean in seconds. EASY TO LOVE: Designed to look good on the counter, the bed or the shelf.",Home & Kitchen › Kitchen & Dining › Cookware › Pots & Pans › Frying Pans & Skillets,Linnemore,37.99,4.0,13136,8636,[],
NB-00247,Copperwren Nonstick Frying Pan | 12-inch | Oven Safe to 450F | Stay-Cool Handle,"COOL HANDLE: A riveted handle stays comfortable to hold. EVEN HEAT: A thick base spreads heat without hot spots. ANY STOVETOP: Works on gas, electric and induction. EASY CLEANUP: Wipes clean in seconds. GIFT IDEA: A practical gift for housewarmings and weddings.",Home & Kitchen › Kitchen & Dining › Cookware › Pots & Pans › Frying Pans & Skillets,Copperwren,43.99,4.4,43269,7620,[],
NB-00248,Copperwren 8-inch Chef Knife | High Carbon Steel | Full Tang | Gift Box,COMFORT GRIP: A contoured handle reduces fatigue. HOLDS AN EDGE: Hardened steel stays sharp longer. RAZOR SHARP: Slices tomatoes and dices onions effortlessly. BALANCED: A full-tang build feels steady in the hand. GIFT IDEA: A practical gift for housewarmings and weddings.,Home & Kitchen › Kitchen & Dining › Cutlery & Knife Accessories › Chef's Knives,Copperwren,29.99,4.6,46,8238,[],
NB-00249,Linnemore Santoku Knife | High Carbon Steel | Full Tang | Blade Guard,GIFT READY: Arrives in a presentation box. RAZOR SHARP: Slices tomatoes and dices onions effortlessly. COMFORT GRIP: A contoured handle reduces fatigue. BALANCED: A full-tang build feels steady in the hand. CARE GUIDE: Care instructions are printed on the tag and in the box.,Home & Kitchen › Kitchen & Dining › Cutlery & Knife Accessories › Chef's Knives,Linnemore,48.99,4.4,6647,7696,[],
NB-00250,Hearthwell Chef Knife Set | High Carbon Steel | Full Tang | Gift Box,HOLDS AN EDGE: Hardened steel stays sharp longer. RAZOR SHARP: Slices tomatoes and dices onions effortlessly. BALANCED: A full-tang build feels steady in the hand. GIFT READY: Arrives in a presentation box. GIFT IDEA: A practical gift for housewarmings and weddings.,Home & Kitchen › Kitchen & Dining › Cutlery & Knife Accessories › Chef's Knives,Hearthwell,68.99,4.5,8985,8303,[],
NB-00251,Hearthwell 8-inch Chef Knife | Damascus Pattern | Ergonomic Handle | Gift Box,COMFORT GRIP: A contoured handle reduces fatigue. GIFT READY: Arrives in a presentation box. RAZOR SHARP: Slices tomatoes and dices onions effortlessly. HOLDS AN EDGE: Hardened steel stays sharp longer. GIFT IDEA: A practical gift for housewarmings and weddings.,Home & Kitchen › Kitchen & Dining › Cutlery & Knife Accessories › Chef's Knives,Hearthwell,78.99,4.5,626,8429,[],
NB-00252,Hearthwell Santoku Knife | Damascus Pattern | Ergonomic Handle | Gift Box,"GIFT READY: Arrives in a presentation box. HOLDS AN EDGE: Hardened steel stays sharp longer. RAZOR SHARP: Slices tomatoes and dices onions effortlessly. BALANCED: A full-tang build feels steady in the hand. EASY TO LOVE: Designed to look good on the counter, the bed or the shelf.",Home & Kitchen › Kitchen & Dining › Cutlery & Knife Accessories › Chef's Knives,Hearthwell,52.99,4.5,21196,7748,[],
NB-00253,Linnemore Chef Knife Set | Damascus Pattern | Ergonomic Handle | Gift Box,"RAZOR SHARP: Slices tomatoes and dices onions effortlessly. HOLDS AN EDGE: Hardened steel stays sharp longer. COMFORT GRIP: A contoured handle reduces fatigue. GIFT READY: Arrives in a presentation box. EASY TO LOVE: Designed to look good on the counter, the bed or the shelf.",Home & Kitchen › Kitchen & Dining › Cutlery & Knife Accessories › Chef's Knives,Linnemore,21.99,4.3,812,7531,[],
NB-00254,Hearthwell Airtight Pantry Containers | 10-Piece Set | Bamboo Lids | Microwave Safe,LEAKPROOF LIDS: Four locking tabs keep soups and sauces inside. MEAL PREP: Portion lunches for the whole week. OVEN TO TABLE: Glass bases go from the oven to the fridge. STACKS NEATLY: Nesting design saves cabinet space. GIFT IDEA: A practical gift for housewarmings and weddings.,Home & Kitchen › Kitchen & Dining › Storage & Organization › Food Storage › Food Storage Containers,Hearthwell,27.99,4.3,79,8156,[],
NB-00255,Copperwren Glass Food Storage Containers | 10-Piece Set | Snap Lock Lids | Stackable,"OVEN TO TABLE: Glass bases go from the oven to the fridge. STACKS NEATLY: Nesting design saves cabinet space. MEAL PREP: Portion lunches for the whole week. FRESHER LONGER: Airtight seals keep flour, cereal and snacks crisp. GIFT IDEA: A practical gift for housewarmings and weddings.",Home & Kitchen › Kitchen & Dining › Storage & Organization › Food Storage › Food Storage Containers,Copperwren,34.99,4.5,133,8050,[],
NB-00256,Linnemore Meal Prep Containers | 10-Piece Set | Bamboo Lids | Microwave Safe,"FRESHER LONGER: Airtight seals keep flour, cereal and snacks crisp. LEAKPROOF LIDS: Four locking tabs keep soups and sauces inside. OVEN TO TABLE: Glass bases go from the oven to the fridge. STACKS NEATLY: Nesting design saves cabinet space. CARE GUIDE: Care instructions are printed on the tag and in the box.",Home & Kitchen › Kitchen & Dining › Storage & Organization › Food Storage › Food Storage Containers,Linnemore,37.99,4.0,2381,7758,[],
NB-00257,Copperwren Airtight Pantry Containers | 24-Piece Set | Snap Lock Lids | Stackable,"OVEN TO TABLE: Glass bases go from the oven to the fridge. MEAL PREP: Portion lunches for the whole week. FRESHER LONGER: Airtight seals keep flour, cereal and snacks crisp. LEAKPROOF LIDS: Four locking tabs keep soups and sauces inside. EASY TO LOVE: Designed to look good on the counter, the bed or the shelf.",Home & Kitchen › Kitchen & Dining › Storage & Organization › Food Storage › Food Storage Containers,Copperwren,28.99,4.1,20177,7369,[],
NB-00258,Hearthwell Glass Food Storage Containers | 24-Piece Set | Snap Lock Lids | Microwave Safe,"OVEN TO TABLE: Glass bases go from the oven to the fridge. MEAL PREP: Portion lunches for the whole week. LEAKPROOF LIDS: Four locking tabs keep soups and sauces inside. STACKS NEATLY: Nesting design saves cabinet space. EASY TO LOVE: Designed to look good on the counter, the bed or the shelf.",Home & Kitchen › Kitchen & Dining › Storage & Organization › Food Storage › Food Storage Containers,Hearthwell,23.99,4.3,7568,8422,[],
NB-00259,Copperwren Meal Prep Containers | 24-Piece Set | Snap Lock Lids | Stackable,"OVEN TO TABLE: Glass bases go from the oven to the fridge. FRESHER LONGER: Airtight seals keep flour, cereal and snacks crisp. MEAL PREP: Portion lunches for the whole week. STACKS NEATLY: Nesting design saves cabinet space. CARE GUIDE: Care instructions are printed on the tag and in the box.",Home & Kitchen › Kitchen & Dining › Storage & Organization › Food Storage › Food Storage Containers,Copperwren,34.99,4.4,770,7622,[],
NB-00260,Copperwren Ceramic Pour Over Dripper | 34 oz | Paper Filters Included | Heat-Resistant Glass,HEAT RESISTANT: Borosilicate glass handles boiling water. SIMPLE RITUAL: Brew a great cup in about four minutes. NO PAPER NEEDED: A fine mesh filter is reusable. EASY TO CLEAN: Rinses clean and is dishwasher safe. CARE GUIDE: Care instructions are printed on the tag and in the box.,"Home & Kitchen › Kitchen & Dining › Coffee, Tea & Espresso › Pour-Over Coffee Makers",Copperwren,38.99,4.3,87,8114,[],
NB-00261,Copperwren Pour Over Coffee Set | 34 oz | Paper Filters Included | Heat-Resistant Glass,"EASY TO CLEAN: Rinses clean and is dishwasher safe. HEAT RESISTANT: Borosilicate glass handles boiling water. NO PAPER NEEDED: A fine mesh filter is reusable. BRIGHT FLAVOR: Pour-over brewing brings out the flavor of fresh beans. EASY TO LOVE: Designed to look good on the counter, the bed or the shelf.","Home & Kitchen › Kitchen & Dining › Coffee, Tea & Espresso › Pour-Over Coffee Makers",Copperwren,20.99,4.4,2037,8050,[],
NB-00262,Linnemore Glass Pour Over Coffee Maker | 34 oz | Stainless Filter | Heat-Resistant Glass,HEAT RESISTANT: Borosilicate glass handles boiling water. NO PAPER NEEDED: A fine mesh filter is reusable. SIMPLE RITUAL: Brew a great cup in about four minutes. EASY TO CLEAN: Rinses clean and is dishwasher safe. CARE GUIDE: Care instructions are printed on the tag and in the box.,"Home & Kitchen › Kitchen & Dining › Coffee, Tea & Espresso › Pour-Over Coffee Makers",Linnemore,34.99,4.5,428,7771,[],
NB-00263,Hearthwell Ceramic Pour Over Dripper | 20 oz | Stainless Filter | Wooden Collar,BRIGHT FLAVOR: Pour-over brewing brings out the flavor of fresh beans. NO PAPER NEEDED: A fine mesh filter is reusable. SIMPLE RITUAL: Brew a great cup in about four minutes. EASY TO CLEAN: Rinses clean and is dishwasher safe. GIFT IDEA: A practical gift for housewarmings and weddings.,"Home & Kitchen › Kitchen & Dining › Coffee, Tea & Espresso › Pour-Over Coffee Makers",Hearthwell,29.99,4.4,31065,7772,[],
NB-00264,Copperwren Pour Over Coffee Set | 20 oz | Stainless Filter | Heat-Resistant Glass,BRIGHT FLAVOR: Pour-over brewing brings out the flavor of fresh beans. NO PAPER NEEDED: A fine mesh filter is reusable. SIMPLE RITUAL: Brew a great cup in about four minutes. EASY TO CLEAN: Rinses clean and is dishwasher safe. GIFT IDEA: A practical gift for housewarmings and weddings.,"Home & Kitchen › Kitchen & Dining › Coffee, Tea & Espresso › Pour-Over Coffee Makers",Copperwren,20.99,4.0,15184,7577,[],
NB-00265,Hearthwell Stainless Steel Travel Mug | 20 oz | Handle | Charcoal,"HOT OR COLD: Double-wall insulation keeps coffee hot and iced drinks cold for hours. LEAKPROOF: A secure lid for commutes. NO SWEAT: The outside stays dry and comfortable. FITS CUP HOLDERS: A tapered base fits most car cup holders. EASY TO LOVE: Designed to look good on the counter, the bed or the shelf.",Home & Kitchen › Kitchen & Dining › Travel & To-Go Drinkware › Insulated Tumblers,Hearthwell,32.99,4.6,154,8409,[],
NB-00266,Hearthwell Insulated Coffee Tumbler | 20 oz | Leakproof Lid | Sea Glass,"EASY CLEAN: Dishwasher-safe lid and straw. FITS CUP HOLDERS: A tapered base fits most car cup holders. NO SWEAT: The outside stays dry and comfortable. HOT OR COLD: Double-wall insulation keeps coffee hot and iced drinks cold for hours. EASY TO LOVE: Designed to look good on the counter, the bed or the shelf.",Home & Kitchen › Kitchen & Dining › Travel & To-Go Drinkware › Insulated Tumblers,Hearthwell,30.99,4.3,66,8363,[],
NB-00267,Copperwren Insulated Tumbler with Straw | 20 oz | Handle | Sea Glass,"FITS CUP HOLDERS: A tapered base fits most car cup holders. LEAKPROOF: A secure lid for commutes. EASY CLEAN: Dishwasher-safe lid and straw. HOT OR COLD: Double-wall insulation keeps coffee hot and iced drinks cold for hours. EASY TO LOVE: Designed to look good on the counter, the bed or the shelf.",Home & Kitchen › Kitchen & Dining › Travel & To-Go Drinkware › Insulated Tumblers,Copperwren,32.99,4.6,59835,7323,[],
NB-00268,Linnemore Stainless Steel Travel Mug | 30 oz | Handle | Sunset Orange,FITS CUP HOLDERS: A tapered base fits most car cup holders. NO SWEAT: The outside stays dry and comfortable. LEAKPROOF: A secure lid for commutes. EASY CLEAN: Dishwasher-safe lid and straw. CARE GUIDE: Care instructions are printed on the tag and in the box.,Home & Kitchen › Kitchen & Dining › Travel & To-Go Drinkware › Insulated Tumblers,Linnemore,16.99,4.4,1407,7457,[],
NB-00269,Linnemore Insulated Coffee Tumbler | 30 oz | Handle | Sea Glass,EASY CLEAN: Dishwasher-safe lid and straw. NO SWEAT: The outside stays dry and comfortable. HOT OR COLD: Double-wall insulation keeps coffee hot and iced drinks cold for hours. LEAKPROOF: A secure lid for commutes. GIFT IDEA: A practical gift for housewarmings and weddings.,Home & Kitchen › Kitchen & Dining › Travel & To-Go Drinkware › Insulated Tumblers,Linnemore,24.99,4.3,353,8356,[],
NB-00270,Hearthwell Insulated Tumbler with Straw | 30 oz | Handle | Sunset Orange,NO SWEAT: The outside stays dry and comfortable. LEAKPROOF: A secure lid for commutes. HOT OR COLD: Double-wall insulation keeps coffee hot and iced drinks cold for hours. FITS CUP HOLDERS: A tapered base fits most car cup holders. CARE GUIDE: Care instructions are printed on the tag and in the box.,Home & Kitchen › Kitchen & Dining › Travel & To-Go Drinkware › Insulated Tumblers,Hearthwell,32.99,4.4,46838,7894,[],
NB-00271,Ashgrove Cotton Sheet Set | Queen | 4-Piece | Sage,"WRINKLE RESISTANT: Comes out of the dryer ready for the bed. DEEP POCKETS: Fitted sheets hug mattresses up to 16 inches. FADE RESISTANT: Colors stay rich after many washes. SOFT AND COOL: A breathable weave that sleeps cool. EASY TO LOVE: Designed to look good on the counter, the bed or the shelf.",Home & Kitchen › Bedding › Sheets & Pillowcases › Sheet & Pillowcase Sets,Ashgrove,69.99,4.5,47122,8241,[],
NB-00272,Mellowmere Microfiber Bed Sheet Set | Queen | Deep Pocket | Slate Gray,"DEEP POCKETS: Fitted sheets hug mattresses up to 16 inches. SOFT AND COOL: A breathable weave that sleeps cool. WRINKLE RESISTANT: Comes out of the dryer ready for the bed. COMPLETE SET: Flat sheet, fitted sheet and two pillowcases. GIFT IDEA: A practical gift for housewarmings and weddings.",Home & Kitchen › Bedding › Sheets & Pillowcases › Sheet & Pillowcase Sets,Mellowmere,34.99,4.4,514,8134,[],
NB-00273,Mellowmere Bamboo Viscose Sheet Set | Queen | 4-Piece | Sage,"WRINKLE RESISTANT: Comes out of the dryer ready for the bed. FADE RESISTANT: Colors stay rich after many washes. COMPLETE SET: Flat sheet, fitted sheet and two pillowcases. DEEP POCKETS: Fitted sheets hug mattresses up to 16 inches. EASY TO LOVE: Designed to look good on the counter, the bed or the shelf.",Home & Kitchen › Bedding › Sheets & Pillowcases › Sheet & Pillowcase Sets,Mellowmere,63.99,4.7,47,8200,[],
NB-00274,Mellowmere Cotton Sheet Set | King | Deep Pocket | Sage,"COMPLETE SET: Flat sheet, fitted sheet and two pillowcases. DEEP POCKETS: Fitted sheets hug mattresses up to 16 inches. WRINKLE RESISTANT: Comes out of the dryer ready for the bed. FADE RESISTANT: Colors stay rich after many washes. EASY TO LOVE: Designed to look good on the counter, the bed or the shelf.",Home & Kitchen › Bedding › Sheets & Pillowcases › Sheet & Pillowcase Sets,Mellowmere,35.99,4.1,4521,8480,[],
NB-00275,Kindlestone Microfiber Bed Sheet Set | King | Deep Pocket | White,"SOFT AND COOL: A breathable weave that sleeps cool. DEEP POCKETS: Fitted sheets hug mattresses up to 16 inches. COMPLETE SET: Flat sheet, fitted sheet and two pillowcases. WRINKLE RESISTANT: Comes out of the dryer ready for the bed. CARE GUIDE: Care instructions are printed on the tag and in the box.",Home & Kitchen › Bedding › Sheets & Pillowcases › Sheet & Pillowcase Sets,Kindlestone,55.99,4.7,12273,7459,[],
NB-00276,Mellowmere Bamboo Viscose Sheet Set | King | Deep Pocket | Sage,"FADE RESISTANT: Colors stay rich after many washes. DEEP POCKETS: Fitted sheets hug mattresses up to 16 inches. SOFT AND COOL: A breathable weave that sleeps cool. COMPLETE SET: Flat sheet, fitted sheet and two pillowcases. CARE GUIDE: Care instructions are printed on the tag and in the box.",Home & Kitchen › Bedding › Sheets & Pillowcases › Sheet & Pillowcase Sets,Mellowmere,31.99,4.5,110,8244,[],
NB-00277,Kindlestone Cotton Sheet Set | Full | Deep Pocket | White,"DEEP POCKETS: Fitted sheets hug mattresses up to 16 inches. COMPLETE SET: Flat sheet, fitted sheet and two pillowcases. SOFT AND COOL: A breathable weave that sleeps cool. FADE RESISTANT: Colors stay rich after many washes. CARE GUIDE: Care instructions are printed on the tag and in the box.",Home & Kitchen › Bedding › Sheets & Pillowcases › Sheet & Pillowcase Sets,Kindlestone,46.99,4.3,70,7801,[],
NB-00278,Mellowmere Down Alternative Pillows | Queen 2-Pack | Adjustable Fill | Gusseted,FLUFFS BACK: Recovers its shape every morning. SLEEPS COOL: A breathable cover wicks heat away. SUPPORTIVE: Keeps the neck aligned for back and side sleepers. ADJUSTABLE: Remove fill to find your perfect height. CARE GUIDE: Care instructions are printed on the tag and in the box.,Home & Kitchen › Bedding › Pillows › Bed Pillows,Mellowmere,59.99,4.7,47839,7562,[],
NB-00279,Kindlestone Cooling Bed Pillows | Queen 2-Pack | Adjustable Fill | Gusseted,"ADJUSTABLE: Remove fill to find your perfect height. SLEEPS COOL: A breathable cover wicks heat away. FLUFFS BACK: Recovers its shape every morning. SUPPORTIVE: Keeps the neck aligned for back and side sleepers. EASY TO LOVE: Designed to look good on the counter, the bed or the shelf.",Home & Kitchen › Bedding › Pillows › Bed Pillows,Kindlestone,28.99,4.3,8604,7443,[],
NB-00280,Mellowmere Shredded Memory Foam Pillow | Queen 2-Pack | Adjustable Fill | Washable Cover,WASHABLE: The zippered cover goes in the machine. FLUFFS BACK: Recovers its shape every morning. ADJUSTABLE: Remove fill to find your perfect height. SUPPORTIVE: Keeps the neck aligned for back and side sleepers. GIFT IDEA: A practical gift for housewarmings and weddings.,Home & Kitchen › Bedding › Pillows › Bed Pillows,Mellowmere,51.99,3.9,427,8362,[],
NB-00281,Kindlestone Down Alternative Pillows | King 2-Pack | Medium Firm | Washable Cover,SLEEPS COOL: A breathable cover wicks heat away. ADJUSTABLE: Remove fill to find your perfect height. SUPPORTIVE: Keeps the neck aligned for back and side sleepers. WASHABLE: The zippered cover goes in the machine. CARE GUIDE: Care instructions are printed on the tag and in the box.,Home & Kitchen › Bedding › Pillows › Bed Pillows,Kindlestone,43.99,4.2,31530,7307,[],
NB-00282,Kindlestone Cooling Bed Pillows | King 2-Pack | Medium Firm | Washable Cover,WASHABLE: The zippered cover goes in the machine. SUPPORTIVE: Keeps the neck aligned for back and side sleepers. FLUFFS BACK: Recovers its shape every morning. ADJUSTABLE: Remove fill to find your perfect height. CARE GUIDE: Care instructions are printed on the tag and in the box.,Home & Kitchen › Bedding › Pillows › Bed Pillows,Kindlestone,33.99,4.3,39269,7825,[],
NB-00283,Hearthwell Cotton Bath Towel Set | 6-Piece Set | Charcoal | Waffle Weave,"QUICK DRYING: Dries between showers without a musty smell. GENEROUS SIZE: Big enough to wrap up in. HOTEL FEEL: A soft, fluffy hand that gets softer with washing. PLUSH AND ABSORBENT: Thick cotton loops soak up water fast. CARE GUIDE: Care instructions are printed on the tag and in the box.",Home & Kitchen › Bath › Towels › Bath Towels,Hearthwell,20.99,4.4,68,7773,[],
NB-00284,Oakhaven Quick Dry Bath Towels | 6-Piece Set | Charcoal | Waffle Weave,"HOTEL FEEL: A soft, fluffy hand that gets softer with washing. DOUBLE STITCHED: Hems that do not unravel. GENEROUS SIZE: Big enough to wrap up in. QUICK DRYING: Dries between showers without a musty smell. CARE GUIDE: Care instructions are printed on the tag and in the box.",Home & Kitchen › Bath › Towels › Bath Towels,Oakhaven,20.99,4.3,21335,8229,[],
NB-00285,Tavira Home Oversized Bath Sheets | 6-Piece Set | Ivory | Waffle Weave,PLUSH AND ABSORBENT: Thick cotton loops soak up water fast. DOUBLE STITCHED: Hems that do not unravel. GENEROUS SIZE: Big enough to wrap up in. QUICK DRYING: Dries between showers without a musty smell. GIFT IDEA: A practical gift for housewarmings and weddings.,Home & Kitchen › Bath › Towels › Bath Towels,Tavira Home,35.99,4.5,3382,8553,[],
NB-00286,Tavira Home Cotton Bath Towel Set | 2-Pack | White | Waffle Weave,"DOUBLE STITCHED: Hems that do not unravel. HOTEL FEEL: A soft, fluffy hand that gets softer with washing. PLUSH AND ABSORBENT: Thick cotton loops soak up water fast. QUICK DRYING: Dries between showers without a musty smell. CARE GUIDE: Care instructions are printed on the tag and in the box.",Home & Kitchen › Bath › Towels › Bath Towels,Tavira Home,20.99,4.3,490,8235,[],
NB-00287,Oakhaven Quick Dry Bath Towels | 2-Pack | Spa Blue | Waffle Weave,"HOTEL FEEL: A soft, fluffy hand that gets softer with washing. DOUBLE STITCHED: Hems that do not unravel. PLUSH AND ABSORBENT: Thick cotton loops soak up water fast. GENEROUS SIZE: Big enough to wrap up in. CARE GUIDE: Care instructions are printed on the tag and in the box.",Home & Kitchen › Bath › Towels › Bath Towels,Oakhaven,21.99,4.0,27384,8238,[],
NB-00288,Tavira Home Oversized Bath Sheets | 2-Pack | White | Waffle Weave,"DOUBLE STITCHED: Hems that do not unravel. QUICK DRYING: Dries between showers without a musty smell. HOTEL FEEL: A soft, fluffy hand that gets softer with washing. GENEROUS SIZE: Big enough to wrap up in. EASY TO LOVE: Designed to look good on the counter, the bed or the shelf.",Home & Kitchen › Bath › Towels › Bath Towels,Tavira Home,36.99,4.3,1065,8490,[],
NB-00289,Ashgrove Throw Pillow Covers | 18 x 18 in | Set of 2 | Cream,HIDDEN ZIPPER: A concealed zipper keeps the look clean. MACHINE WASHABLE: Easy care for homes with kids and pets. INSTANT REFRESH: Update the sofa for a new season in minutes. INSERTS NOT INCLUDED: Fits standard pillow inserts. GIFT IDEA: A practical gift for housewarmings and weddings.,"Home & Kitchen › Home Décor Products › Decorative Pillows, Inserts & Covers › Throw Pillow Covers",Ashgrove,20.99,4.5,304,7751,[],
NB-00290,Ashgrove Boho Pillow Covers | 18 x 18 in | Set of 2 | Mustard,INSERTS NOT INCLUDED: Fits standard pillow inserts. MACHINE WASHABLE: Easy care for homes with kids and pets. INSTANT REFRESH: Update the sofa for a new season in minutes. HIDDEN ZIPPER: A concealed zipper keeps the look clean. CARE GUIDE: Care instructions are printed on the tag and in the box.,"Home & Kitchen › Home Décor Products › Decorative Pillows, Inserts & Covers › Throw Pillow Covers",Ashgrove,26.99,4.2,65,7321,[],
NB-00291,Copperwren Velvet Pillow Covers | 18 x 18 in | Set of 4 | Mustard,SOFT TEXTURE: Plush velvet and woven textures. HIDDEN ZIPPER: A concealed zipper keeps the look clean. MACHINE WASHABLE: Easy care for homes with kids and pets. INSERTS NOT INCLUDED: Fits standard pillow inserts. GIFT IDEA: A practical gift for housewarmings and weddings.,"Home & Kitchen › Home Décor Products › Decorative Pillows, Inserts & Covers › Throw Pillow Covers",Copperwren,21.99,4.7,2019,8342,[],
NB-00292,Copperwren Throw Pillow Covers | 20 x 20 in | Set of 4 | Teal,INSTANT REFRESH: Update the sofa for a new season in minutes. SOFT TEXTURE: Plush velvet and woven textures. INSERTS NOT INCLUDED: Fits standard pillow inserts. MACHINE WASHABLE: Easy care for homes with kids and pets. GIFT IDEA: A practical gift for housewarmings and weddings.,"Home & Kitchen › Home Décor Products › Decorative Pillows, Inserts & Covers › Throw Pillow Covers",Copperwren,14.99,4.5,3599,8546,[],
NB-00293,Linnemore Boho Pillow Covers | 20 x 20 in | Set of 2 | Rust,INSTANT REFRESH: Update the sofa for a new season in minutes. HIDDEN ZIPPER: A concealed zipper keeps the look clean. MACHINE WASHABLE: Easy care for homes with kids and pets. SOFT TEXTURE: Plush velvet and woven textures. GIFT IDEA: A practical gift for housewarmings and weddings.,"Home & Kitchen › Home Décor Products › Decorative Pillows, Inserts & Covers › Throw Pillow Covers",Linnemore,28.99,4.8,32023,8298,[],
NB-00294,Ashgrove Velvet Pillow Covers | 20 x 20 in | Set of 4 | Rust,"INSERTS NOT INCLUDED: Fits standard pillow inserts. HIDDEN ZIPPER: A concealed zipper keeps the look clean. SOFT TEXTURE: Plush velvet and woven textures. MACHINE WASHABLE: Easy care for homes with kids and pets. EASY TO LOVE: Designed to look good on the counter, the bed or the shelf.","Home & Kitchen › Home Décor Products › Decorative Pillows, Inserts & Covers › Throw Pillow Covers",Ashgrove,13.99,4.3,4275,8123,[],
NB-00295,Ashgrove Three Wick Candle | Lavender and Cedar | 14 oz | Cotton Wick,"LONG BURN TIME: Up to 50 hours of glow. PRETTY JAR: The glass jar makes a nice planter afterward. CLEAN BURN: A natural soy blend burns evenly with little soot. COZY GIFT: A thoughtful gift for hosts and teachers. EASY TO LOVE: Designed to look good on the counter, the bed or the shelf.",Home & Kitchen › Home Décor Products › Candles & Holders › Candles › Jar Candles,Ashgrove,30.99,4.1,2517,7988,[],
NB-00296,Linnemore Scented Jar Candle | Lavender and Cedar | 14 oz | Wood Wick,CLEAN BURN: A natural soy blend burns evenly with little soot. COZY GIFT: A thoughtful gift for hosts and teachers. LONG BURN TIME: Up to 50 hours of glow. PRETTY JAR: The glass jar makes a nice planter afterward. GIFT IDEA: A practical gift for housewarmings and weddings.,Home & Kitchen › Home Décor Products › Candles & Holders › Candles › Jar Candles,Linnemore,13.99,4.2,20529,7982,[],
NB-00297,Copperwren Soy Wax Candle | Lavender and Cedar | 14 oz | Wood Wick,CLEAN BURN: A natural soy blend burns evenly with little soot. PRETTY JAR: The glass jar makes a nice planter afterward. COZY GIFT: A thoughtful gift for hosts and teachers. ROOM FILLING: A rich scent that fills the living room. CARE GUIDE: Care instructions are printed on the tag and in the box.,Home & Kitchen › Home Décor Products › Candles & Holders › Candles › Jar Candles,Copperwren,27.99,4.5,22010,8340,[],
NB-00298,Copperwren Three Wick Candle | Vanilla Bean | 14 oz | Wood Wick,ROOM FILLING: A rich scent that fills the living room. PRETTY JAR: The glass jar makes a nice planter afterward. CLEAN BURN: A natural soy blend burns evenly with little soot. COZY GIFT: A thoughtful gift for hosts and teachers. GIFT IDEA: A practical gift for housewarmings and weddings.,Home & Kitchen › Home Décor Products › Candles & Holders › Candles › Jar Candles,Copperwren,19.99,4.7,21961,7842,[],
NB-00299,Ashgrove Scented Jar Candle | Vanilla Bean | 14 oz | Wood Wick,CLEAN BURN: A natural soy blend burns evenly with little soot. LONG BURN TIME: Up to 50 hours of glow. PRETTY JAR: The glass jar makes a nice planter afterward. COZY GIFT: A thoughtful gift for hosts and teachers. GIFT IDEA: A practical gift for housewarmings and weddings.,Home & Kitchen › Home Décor Products › Candles & Holders › Candles › Jar Candles,Ashgrove,32.99,4.8,12997,7421,[],
NB-00300,Copperwren Soy Wax Candle | Vanilla Bean | 14 oz | Cotton Wick,CLEAN BURN: A natural soy blend burns evenly with little soot. PRETTY JAR: The glass jar makes a nice planter afterward. LONG BURN TIME: Up to 50 hours of glow. ROOM FILLING: A rich scent that fills the living room. CARE GUIDE: Care instructions are printed on the tag and in the box.,Home & Kitchen › Home Décor Products › Candles & Holders › Candles › Jar Candles,Copperwren,32.99,4.7,42,7840,[],
NB-00301,Deskwright Large Desk Mat | 35 x 15.7 in | Non-Slip Base | Topographic Map,"STAYS PUT: A rubber base grips the desk. SMOOTH GLIDE: A micro-woven surface for precise gaming and design work. NO FRAYING: Stitched edges hold up to years of use. WATER RESISTANT: Coffee spills wipe right off. OFFICE STAPLE: Useful at home, school or the office.",Office Products › Office & School Supplies › Desk Accessories & Workspace Organizers › Mouse Pads & Wrist Rests › Mouse Pads,Deskwright,20.99,4.6,23971,7714,[],
NB-00302,Deskwright Mouse Pad with Wrist Rest | 35 x 15.7 in | Stitched Edges | Night Sky,"NO FRAYING: Stitched edges hold up to years of use. WATER RESISTANT: Coffee spills wipe right off. STAYS PUT: A rubber base grips the desk. EXTRA LARGE: The desk mat holds the keyboard and mouse together. OFFICE STAPLE: Useful at home, school or the office.",Office Products › Office & School Supplies › Desk Accessories & Workspace Organizers › Mouse Pads & Wrist Rests › Mouse Pads,Deskwright,25.99,4.5,5802,7749,[],
NB-00303,Paperlark Extended Gaming Mouse Pad | 35 x 15.7 in | Stitched Edges | Topographic Map,"STAYS PUT: A rubber base grips the desk. EXTRA LARGE: The desk mat holds the keyboard and mouse together. SMOOTH GLIDE: A micro-woven surface for precise gaming and design work. NO FRAYING: Stitched edges hold up to years of use. OFFICE STAPLE: Useful at home, school or the office.",Office Products › Office & School Supplies › Desk Accessories & Workspace Organizers › Mouse Pads & Wrist Rests › Mouse Pads,Paperlark,29.99,4.3,115,8342,[],
NB-00304,Paperlark Large Desk Mat | 10 x 8 in | Stitched Edges | Night Sky,STAYS PUT: A rubber base grips the desk. EXTRA LARGE: The desk mat holds the keyboard and mouse together. SMOOTH GLIDE: A micro-woven surface for precise gaming and design work. NO FRAYING: Stitched edges hold up to years of use. QUALITY FIRST: Checked for defects before it ships.,Office Products › Office & School Supplies › Desk Accessories & Workspace Organizers › Mouse Pads & Wrist Rests › Mouse Pads,Paperlark,22.99,4.3,179,8471,[],
NB-00305,Inkwell & Oak Mouse Pad with Wrist Rest | 10 x 8 in | Non-Slip Base | Night Sky,STAYS PUT: A rubber base grips the desk. EXTRA LARGE: The desk mat holds the keyboard and mouse together. NO FRAYING: Stitched edges hold up to years of use. SMOOTH GLIDE: A micro-woven surface for precise gaming and design work. QUALITY FIRST: Checked for defects before it ships.,Office Products › Office & School Supplies › Desk Accessories & Workspace Organizers › Mouse Pads & Wrist Rests › Mouse Pads,Inkwell & Oak,14.99,4.3,27363,8133,[],
NB-00306,Paperlark Extended Gaming Mouse Pad | 10 x 8 in | Non-Slip Base | Topographic Map,"WATER RESISTANT: Coffee spills wipe right off. SMOOTH GLIDE: A micro-woven surface for precise gaming and design work. NO FRAYING: Stitched edges hold up to years of use. STAYS PUT: A rubber base grips the desk. OFFICE STAPLE: Useful at home, school or the office.",Office Products › Office & School Supplies › Desk Accessories & Workspace Organizers › Mouse Pads & Wrist Rests › Mouse Pads,Paperlark,22.99,4.6,148,7388,[],
NB-00307,Deskwright Large Desk Mat | 31.5 x 11.8 in | Non-Slip Base | Black,STAYS PUT: A rubber base grips the desk. EXTRA LARGE: The desk mat holds the keyboard and mouse together. SMOOTH GLIDE: A micro-woven surface for precise gaming and design work. WATER RESISTANT: Coffee spills wipe right off. QUALITY FIRST: Checked for defects before it ships.,Office Products › Office & School Supplies › Desk Accessories & Workspace Organizers › Mouse Pads & Wrist Rests › Mouse Pads,Deskwright,17.99,4.4,8346,7575,[],
NB-00308,Deskwright Academic Year Planner | 2024-2025 | 8.5 x 11 in | Spiral Bound,"THICK PAPER: Pens do not bleed through. GOAL PAGES: Space for goals, habits and notes. PLAN THE WEEK: Weekly spreads plus monthly calendar tabs keep the agenda organized. POCKET FOLDER: Keep receipts and tickets in the back pocket. OFFICE STAPLE: Useful at home, school or the office.","Office Products › Office & School Supplies › Calendars, Planners & Personal Organizers › Planners, Refills & Covers › Planners",Deskwright,24.99,4.1,1438,8500,[],
NB-00309,Deskwright Undated Daily Planner | 2024-2025 | A5 Size | Hardcover,"GOAL PAGES: Space for goals, habits and notes. PLAN THE WEEK: Weekly spreads plus monthly calendar tabs keep the agenda organized. THICK PAPER: Pens do not bleed through. POCKET FOLDER: Keep receipts and tickets in the back pocket. QUALITY FIRST: Checked for defects before it ships.","Office Products › Office & School Supplies › Calendars, Planners & Personal Organizers › Planners, Refills & Covers › Planners",Deskwright,17.99,4.3,19305,7557,[],
NB-00310,Paperlark Weekly and Monthly Planner | 2024-2025 | 8.5 x 11 in | Hardcover,"PLAN THE WEEK: Weekly spreads plus monthly calendar tabs keep the agenda organized. POCKET FOLDER: Keep receipts and tickets in the back pocket. LAYS FLAT: Twin-wire binding opens flat for easy writing. GOAL PAGES: Space for goals, habits and notes. BULK FRIENDLY: Popular with teachers and small businesses.","Office Products › Office & School Supplies › Calendars, Planners & Personal Organizers › Planners, Refills & Covers › Planners",Paperlark,27.99,4.4,156,7590,[],
NB-00311,Deskwright Academic Year Planner | 2025 | A5 Size | Hardcover,"POCKET FOLDER: Keep receipts and tickets in the back pocket. LAYS FLAT: Twin-wire binding opens flat for easy writing. THICK PAPER: Pens do not bleed through. GOAL PAGES: Space for goals, habits and notes. BULK FRIENDLY: Popular with teachers and small businesses.","Office Products › Office & School Supplies › Calendars, Planners & Personal Organizers › Planners, Refills & Covers › Planners",Deskwright,16.99,4.0,2527,7864,[],
NB-00312,Inkwell & Oak Undated Daily Planner | 2025 | 8.5 x 11 in | Hardcover,POCKET FOLDER: Keep receipts and tickets in the back pocket. LAYS FLAT: Twin-wire binding opens flat for easy writing. THICK PAPER: Pens do not bleed through. PLAN THE WEEK: Weekly spreads plus monthly calendar tabs keep the agenda organized. QUALITY FIRST: Checked for defects before it ships.,"Office Products › Office & School Supplies › Calendars, Planners & Personal Organizers › Planners, Refills & Covers › Planners",Inkwell & Oak,21.99,4.4,332,8600,[],
NB-00313,Deskwright Weekly and Monthly Planner | 2025 | A5 Size | Hardcover,"GOAL PAGES: Space for goals, habits and notes. LAYS FLAT: Twin-wire binding opens flat for easy writing. PLAN THE WEEK: Weekly spreads plus monthly calendar tabs keep the agenda organized. POCKET FOLDER: Keep receipts and tickets in the back pocket. OFFICE STAPLE: Useful at home, school or the office.","Office Products › Office & School Supplies › Calendars, Planners & Personal Organizers › Planners, Refills & Covers › Planners",Deskwright,14.99,4.8,30837,8070,[],
NB-00314,Deskwright Academic Year Planner | Undated | 8.5 x 11 in | Hardcover,"PLAN THE WEEK: Weekly spreads plus monthly calendar tabs keep the agenda organized. THICK PAPER: Pens do not bleed through. GOAL PAGES: Space for goals, habits and notes. POCKET FOLDER: Keep receipts and tickets in the back pocket. BULK FRIENDLY: Popular with teachers and small businesses.","Office Products › Office & School Supplies › Calendars, Planners & Personal Organizers › Planners, Refills & Covers › Planners",Deskwright,13.99,4.5,1340,8567,[],
NB-00315,Inkwell & Oak Blank Note Cards | Kraft Envelopes | Box of 24 | Handmade Look,"WOW MOMENT: A 3D pop up design unfolds when the card opens. PLAYS A TUNE: A musical chip plays a happy melody. BLANK INSIDE: Room to write your own message. FOR EVERY OCCASION: Birthday, thank you and sympathy designs. OFFICE STAPLE: Useful at home, school or the office.",Office Products › Office & School Supplies › Paper › Cards & Card Stock › Greeting Cards,Inkwell & Oak,12.99,4.6,24412,7375,[],
NB-00316,Inkwell & Oak Pop Up Birthday Card | Kraft Envelopes | Box of 48 | Watercolor Designs,"PLAYS A TUNE: A musical chip plays a happy melody. FOR EVERY OCCASION: Birthday, thank you and sympathy designs. MATCHING ENVELOPES: Envelopes included. WOW MOMENT: A 3D pop up design unfolds when the card opens. OFFICE STAPLE: Useful at home, school or the office.",Office Products › Office & School Supplies › Paper › Cards & Card Stock › Greeting Cards,Inkwell & Oak,10.99,4.4,5245,8557,[],
NB-00317,Deskwright Assorted Greeting Cards | Kraft Envelopes | Box of 48 | Watercolor Designs,"WOW MOMENT: A 3D pop up design unfolds when the card opens. MATCHING ENVELOPES: Envelopes included. PLAYS A TUNE: A musical chip plays a happy melody. FOR EVERY OCCASION: Birthday, thank you and sympathy designs. QUALITY FIRST: Checked for defects before it ships.",Office Products › Office & School Supplies › Paper › Cards & Card Stock › Greeting Cards,Deskwright,11.99,4.1,27386,8034,[],
NB-00318,Inkwell & Oak Blank Note Cards | With Envelopes | Box of 48 | Musical,"FOR EVERY OCCASION: Birthday, thank you and sympathy designs. WOW MOMENT: A 3D pop up design unfolds when the card opens. MATCHING ENVELOPES: Envelopes included. BLANK INSIDE: Room to write your own message. QUALITY FIRST: Checked for defects before it ships.",Office Products › Office & School Supplies › Paper › Cards & Card Stock › Greeting Cards,Inkwell & Oak,8.99,4.3,37594,7977,[],
NB-00319,Inkwell & Oak Pop Up Birthday Card | With Envelopes | Box of 48 | Musical,"PLAYS A TUNE: A musical chip plays a happy melody. FOR EVERY OCCASION: Birthday, thank you and sympathy designs. MATCHING ENVELOPES: Envelopes included. WOW MOMENT: A 3D pop up design unfolds when the card opens. QUALITY FIRST: Checked for defects before it ships.",Office Products › Office & School Supplies › Paper › Cards & Card Stock › Greeting Cards,Inkwell & Oak,8.99,4.7,1729,8625,[],
NB-00320,Deskwright Assorted Greeting Cards | With Envelopes | Box of 48 | Musical,"BLANK INSIDE: Room to write your own message. FOR EVERY OCCASION: Birthday, thank you and sympathy designs. WOW MOMENT: A 3D pop up design unfolds when the card opens. MATCHING ENVELOPES: Envelopes included. BULK FRIENDLY: Popular with teachers and small businesses.",Office Products › Office & School Supplies › Paper › Cards & Card Stock › Greeting Cards,Deskwright,11.99,4.6,2048,7384,[],
NB-00321,Deskwright Retractable Gel Pens | 0.5mm | 24-Pack | Assorted Ink,"CLICK TO WRITE: Retractable tips mean no lost caps. SMOOTH WRITING: Quick-drying gel ink glides without skipping. BOLD COLOR: Vivid ink for journals and planners. NO SMUDGE: Dries fast, great for left-handed writers. BULK FRIENDLY: Popular with teachers and small businesses.",Office Products › Office & School Supplies › Writing & Correction Supplies › Pens & Refills › Gel Ink Pens,Deskwright,18.99,4.4,3235,8385,[],
NB-00322,Deskwright Fine Point Gel Pens | 0.5mm | 36 Colors | Assorted Ink,"BOLD COLOR: Vivid ink for journals and planners. NO SMUDGE: Dries fast, great for left-handed writers. COMFORT GRIP: A soft grip for long notes. CLICK TO WRITE: Retractable tips mean no lost caps. OFFICE STAPLE: Useful at home, school or the office.",Office Products › Office & School Supplies › Writing & Correction Supplies › Pens & Refills › Gel Ink Pens,Deskwright,11.99,4.6,81,7412,[],
NB-00323,Deskwright Colored Gel Pen Set | 0.5mm | 36 Colors | Black Ink,"CLICK TO WRITE: Retractable tips mean no lost caps. NO SMUDGE: Dries fast, great for left-handed writers. BOLD COLOR: Vivid ink for journals and planners. COMFORT GRIP: A soft grip for long notes. QUALITY FIRST: Checked for defects before it ships.",Office Products › Office & School Supplies › Writing & Correction Supplies › Pens & Refills › Gel Ink Pens,Deskwright,10.99,4.3,120,8423,[],
NB-00324,Inkwell & Oak Retractable Gel Pens | 0.7mm | 36 Colors | Black Ink,"BOLD COLOR: Vivid ink for journals and planners. NO SMUDGE: Dries fast, great for left-handed writers. SMOOTH WRITING: Quick-drying gel ink glides without skipping. CLICK TO WRITE: Retractable tips mean no lost caps. BULK FRIENDLY: Popular with teachers and small businesses.",Office Products › Office & School Supplies › Writing & Correction Supplies › Pens & Refills › Gel Ink Pens,Inkwell & Oak,10.99,4.7,1819,8515,[],
NB-00325,Deskwright Fine Point Gel Pens | 0.7mm | 36 Colors | Black Ink,"COMFORT GRIP: A soft grip for long notes. SMOOTH WRITING: Quick-drying gel ink glides without skipping. BOLD COLOR: Vivid ink for journals and planners. NO SMUDGE: Dries fast, great for left-handed writers. QUALITY FIRST: Checked for defects before it ships.",Office Products › Office & School Supplies › Writing & Correction Supplies › Pens & Refills › Gel Ink Pens,Deskwright,18.99,4.6,379,7931,[],
NB-00326,Deskwright Colored Gel Pen Set | 0.7mm | 36 Colors | Assorted Ink,"CLICK TO WRITE: Retractable tips mean no lost caps. COMFORT GRIP: A soft grip for long notes. SMOOTH WRITING: Quick-drying gel ink glides without skipping. NO SMUDGE: Dries fast, great for left-handed writers. QUALITY FIRST: Checked for defects before it ships.",Office Products › Office & School Supplies › Writing & Correction Supplies › Pens & Refills › Gel Ink Pens,Deskwright,12.99,4.6,106,8178,[],
NB-00327,Deskwright Retractable Gel Pens | 0.5mm | 36 Colors | Assorted Ink,"COMFORT GRIP: A soft grip for long notes. BOLD COLOR: Vivid ink for journals and planners. NO SMUDGE: Dries fast, great for left-handed writers. CLICK TO WRITE: Retractable tips mean no lost caps. QUALITY FIRST: Checked for defects before it ships.",Office Products › Office & School Supplies › Writing & Correction Supplies › Pens & Refills › Gel Ink Pens,Deskwright,15.99,4.5,6761,8049,[],
NB-00328,Inkwell & Oak Chisel Tip Highlighters | 6-Pack | Soft Hues | No Bleed,"CHISEL TIP: Draw broad strokes or fine underlines. LONG LASTING: Caps seal tight to keep tips from drying. STUDY AID: Color-code notes by topic. NO BLEED: Safe for thin textbook and bible pages. OFFICE STAPLE: Useful at home, school or the office.",Office Products › Office & School Supplies › Writing & Correction Supplies › Highlighters,Inkwell & Oak,9.99,4.6,1027,7540,[],
NB-00329,Inkwell & Oak Dual Tip Highlighters | 6-Pack | Assorted Colors | No Bleed,LONG LASTING: Caps seal tight to keep tips from drying. STUDY AID: Color-code notes by topic. SOFT COLORS: Pastel shades that do not overpower the page. NO BLEED: Safe for thin textbook and bible pages. QUALITY FIRST: Checked for defects before it ships.,Office Products › Office & School Supplies › Writing & Correction Supplies › Highlighters,Inkwell & Oak,14.99,4.5,2268,7626,[],
NB-00330,Inkwell & Oak Pastel Highlighters | 6-Pack | Soft Hues | No Bleed,"SOFT COLORS: Pastel shades that do not overpower the page. NO BLEED: Safe for thin textbook and bible pages. LONG LASTING: Caps seal tight to keep tips from drying. CHISEL TIP: Draw broad strokes or fine underlines. OFFICE STAPLE: Useful at home, school or the office.",Office Products › Office & School Supplies › Writing & Correction Supplies › Highlighters,Inkwell & Oak,11.99,4.4,478,7336,[],
NB-00331,Paperlark Chisel Tip Highlighters | 12-Pack | Assorted Colors | Quick Dry,NO BLEED: Safe for thin textbook and bible pages. SOFT COLORS: Pastel shades that do not overpower the page. STUDY AID: Color-code notes by topic. CHISEL TIP: Draw broad strokes or fine underlines. QUALITY FIRST: Checked for defects before it ships.,Office Products › Office & School Supplies › Writing & Correction Supplies › Highlighters,Paperlark,14.99,4.5,138,7991,[],
NB-00332,Paperlark Dual Tip Highlighters | 12-Pack | Soft Hues | Quick Dry,NO BLEED: Safe for thin textbook and bible pages. LONG LASTING: Caps seal tight to keep tips from drying. CHISEL TIP: Draw broad strokes or fine underlines. SOFT COLORS: Pastel shades that do not overpower the page. BULK FRIENDLY: Popular with teachers and small businesses.,Office Products › Office & School Supplies › Writing & Correction Supplies › Highlighters,Paperlark,6.99,4.4,98,7939,[],
NB-00333,Deskwright Dotted Grid Journal | 3-Pack | 8.5 x 11 in | 200 Pages,THICK PAGES: Smooth paper for pens and pencils. DURABLE COVER: Stands up to a backpack. LAYS FLAT: Opens flat for comfortable writing. BOOKMARK RIBBON: Keep your place. BULK FRIENDLY: Popular with teachers and small businesses.,Office Products › Office & School Supplies › Paper › Notebooks & Writing Pads › Notebooks,Deskwright,11.99,4.5,108,7317,[],
NB-00334,Deskwright Hardcover Lined Notebook | 3-Pack | 8.5 x 11 in | 120 Pages,"FOR CLASS OR WORK: Lined pages for notes, lists and journaling. BOOKMARK RIBBON: Keep your place. THICK PAGES: Smooth paper for pens and pencils. LAYS FLAT: Opens flat for comfortable writing. QUALITY FIRST: Checked for defects before it ships.",Office Products › Office & School Supplies › Paper › Notebooks & Writing Pads › Notebooks,Deskwright,20.99,4.8,211,8107,[],
NB-00335,Inkwell & Oak College Ruled Notebooks | 3-Pack | A5 | 200 Pages,"THICK PAGES: Smooth paper for pens and pencils. BOOKMARK RIBBON: Keep your place. FOR CLASS OR WORK: Lined pages for notes, lists and journaling. LAYS FLAT: Opens flat for comfortable writing. OFFICE STAPLE: Useful at home, school or the office.",Office Products › Office & School Supplies › Paper › Notebooks & Writing Pads › Notebooks,Inkwell & Oak,17.99,4.3,63,8134,[],
NB-00336,Deskwright Dotted Grid Journal | 5-Pack | A5 | 120 Pages,"DURABLE COVER: Stands up to a backpack. LAYS FLAT: Opens flat for comfortable writing. FOR CLASS OR WORK: Lined pages for notes, lists and journaling. BOOKMARK RIBBON: Keep your place. OFFICE STAPLE: Useful at home, school or the office.",Office Products › Office & School Supplies › Paper › Notebooks & Writing Pads › Notebooks,Deskwright,14.99,4.6,5161,7625,[],
NB-00337,Paperlark Hardcover Lined Notebook | 5-Pack | 8.5 x 11 in | 120 Pages,"LAYS FLAT: Opens flat for comfortable writing. BOOKMARK RIBBON: Keep your place. DURABLE COVER: Stands up to a backpack. FOR CLASS OR WORK: Lined pages for notes, lists and journaling. OFFICE STAPLE: Useful at home, school or the office.",Office Products › Office & School Supplies › Paper › Notebooks & Writing Pads › Notebooks,Paperlark,13.99,4.2,4040,7958,[],
NB-00338,Deskwright College Ruled Notebooks | 5-Pack | A5 | 200 Pages,"DURABLE COVER: Stands up to a backpack. BOOKMARK RIBBON: Keep your place. FOR CLASS OR WORK: Lined pages for notes, lists and journaling. LAYS FLAT: Opens flat for comfortable writing. QUALITY FIRST: Checked for defects before it ships.",Office Products › Office & School Supplies › Paper › Notebooks & Writing Pads › Notebooks,Deskwright,18.99,4.0,271,8538,[],
NB-00339,Deskwright Dotted Grid Journal | Single | A5 | 200 Pages,"DURABLE COVER: Stands up to a backpack. BOOKMARK RIBBON: Keep your place. THICK PAGES: Smooth paper for pens and pencils. FOR CLASS OR WORK: Lined pages for notes, lists and journaling. BULK FRIENDLY: Popular with teachers and small businesses.",Office Products › Office & School Supplies › Paper › Notebooks & Writing Pads › Notebooks,Deskwright,20.99,4.2,32269,7333,[],
NB-00340,Paperlark Round Sticker Labels | 300 Labels | White | Laser and Inkjet,"ORGANIZE: Label pantry jars, bins and files. FREE TEMPLATES: Standard sizes for common templates. STRONG HOLD: Sticks to envelopes, boxes and jars. CLEAN REMOVAL: Removable labels peel off without residue. QUALITY FIRST: Checked for defects before it ships.","Office Products › Office & School Supplies › Labels, Indexes & Stamps › Labels & Stickers › Labels",Paperlark,21.99,4.8,8090,8442,[],
NB-00341,Deskwright Removable Storage Labels | 300 Labels | White | Laser and Inkjet,"PRINT AT HOME: Works with laser and inkjet printers. FREE TEMPLATES: Standard sizes for common templates. ORGANIZE: Label pantry jars, bins and files. CLEAN REMOVAL: Removable labels peel off without residue. BULK FRIENDLY: Popular with teachers and small businesses.","Office Products › Office & School Supplies › Labels, Indexes & Stamps › Labels & Stickers › Labels",Deskwright,19.99,4.3,7378,7611,[],
NB-00342,Inkwell & Oak Printable Address Labels | 300 Labels | Kraft | Laser and Inkjet,"ORGANIZE: Label pantry jars, bins and files. FREE TEMPLATES: Standard sizes for common templates. CLEAN REMOVAL: Removable labels peel off without residue. PRINT AT HOME: Works with laser and inkjet printers. QUALITY FIRST: Checked for defects before it ships.","Office Products › Office & School Supplies › Labels, Indexes & Stamps › Labels & Stickers › Labels",Inkwell & Oak,18.99,4.4,447,8389,[],
NB-00343,Deskwright Round Sticker Labels | 750 Labels | Kraft | Laser and Inkjet,"CLEAN REMOVAL: Removable labels peel off without residue. PRINT AT HOME: Works with laser and inkjet printers. STRONG HOLD: Sticks to envelopes, boxes and jars. ORGANIZE: Label pantry jars, bins and files. OFFICE STAPLE: Useful at home, school or the office.","Office Products › Office & School Supplies › Labels, Indexes & Stamps › Labels & Stickers › Labels",Deskwright,19.99,4.3,50,8051,[],
NB-00344,Inkwell & Oak Removable Storage Labels | 750 Labels | White | Water Resistant,"PRINT AT HOME: Works with laser and inkjet printers. FREE TEMPLATES: Standard sizes for common templates. ORGANIZE: Label pantry jars, bins and files. STRONG HOLD: Sticks to envelopes, boxes and jars. OFFICE STAPLE: Useful at home, school or the office.","Office Products › Office & School Supplies › Labels, Indexes & Stamps › Labels & Stickers › Labels",Inkwell & Oak,24.99,4.2,1213,7838,[],
NB-00345,Notary Lane Label Maker with Tape | Phone App | 3 Tapes Included | Rechargeable,"NO INK: Thermal printing never needs ink. EASY TYPING: A full keyboard and clear screen. PORTABLE: Small enough to carry around the house. LABEL ANYTHING: Pantry jars, cables, files and toy bins. BULK FRIENDLY: Popular with teachers and small businesses.",Office Products › Office Electronics › Label Makers,Notary Lane,44.99,4.0,45384,8245,[],
NB-00346,Quillfield Portable Label Maker | Phone App | 1 Tape Included | AAA Batteries,"NO INK: Thermal printing never needs ink. EASY TYPING: A full keyboard and clear screen. LABEL ANYTHING: Pantry jars, cables, files and toy bins. MANY STYLES: Fonts, borders and symbols built in. BULK FRIENDLY: Popular with teachers and small businesses.",Office Products › Office Electronics › Label Makers,Quillfield,49.99,4.3,1956,7877,[],
NB-00347,Stationaire Handheld Label Printer | Phone App | 1 Tape Included | Rechargeable,"EASY TYPING: A full keyboard and clear screen. NO INK: Thermal printing never needs ink. PORTABLE: Small enough to carry around the house. MANY STYLES: Fonts, borders and symbols built in. QUALITY FIRST: Checked for defects before it ships.",Office Products › Office Electronics › Label Makers,Stationaire,54.99,4.5,505,7828,[],
NB-00348,Quillfield Label Maker with Tape | QWERTY Keyboard | 1 Tape Included | Rechargeable,"EASY TYPING: A full keyboard and clear screen. NO INK: Thermal printing never needs ink. PORTABLE: Small enough to carry around the house. MANY STYLES: Fonts, borders and symbols built in. OFFICE STAPLE: Useful at home, school or the office.",Office Products › Office Electronics › Label Makers,Quillfield,25.99,4.1,2449,8374,[],
NB-00349,Quillfield Portable Label Maker | QWERTY Keyboard | 1 Tape Included | Rechargeable,"PORTABLE: Small enough to carry around the house. EASY TYPING: A full keyboard and clear screen. LABEL ANYTHING: Pantry jars, cables, files and toy bins. NO INK: Thermal printing never needs ink. QUALITY FIRST: Checked for defects before it ships.",Office Products › Office Electronics › Label Makers,Quillfield,51.99,4.2,423,7617,[],
NB-00350,Stationaire Large Display Calculator | 12-Digit | Solar and Battery | Tilted Display,"EASY TO READ: A large, tilted display. STURDY: Non-slip feet keep it still on the desk. BIG KEYS: Responsive buttons for fast entry. EVERYDAY MATH: Percent, square root and memory keys. BULK FRIENDLY: Popular with teachers and small businesses.",Office Products › Office Electronics › Calculators › Desktop Calculators,Stationaire,12.99,4.7,126,7869,[],
NB-00351,Stationaire Solar Desk Calculator | 12-Digit | Battery | Tilted Display,"STURDY: Non-slip feet keep it still on the desk. DUAL POWER: Solar with battery backup. EASY TO READ: A large, tilted display. BIG KEYS: Responsive buttons for fast entry. QUALITY FIRST: Checked for defects before it ships.",Office Products › Office Electronics › Calculators › Desktop Calculators,Stationaire,19.99,4.5,15804,8392,[],
NB-00352,Notary Lane Desktop Calculator | 12-Digit | Battery | Big Buttons,"BIG KEYS: Responsive buttons for fast entry. DUAL POWER: Solar with battery backup. STURDY: Non-slip feet keep it still on the desk. EVERYDAY MATH: Percent, square root and memory keys. BULK FRIENDLY: Popular with teachers and small businesses.",Office Products › Office Electronics › Calculators › Desktop Calculators,Notary Lane,14.99,4.4,11941,8337,[],
NB-00353,Stationaire Large Display Calculator | 10-Digit | Battery | Big Buttons,"BIG KEYS: Responsive buttons for fast entry. EVERYDAY MATH: Percent, square root and memory keys. EASY TO READ: A large, tilted display. STURDY: Non-slip feet keep it still on the desk. QUALITY FIRST: Checked for defects before it ships.",Office Products › Office Electronics › Calculators › Desktop Calculators,Stationaire,20.99,4.4,17935,7534,[],
NB-00354,Notary Lane Solar Desk Calculator | 10-Digit | Solar and Battery | Tilted Display,"DUAL POWER: Solar with battery backup. STURDY: Non-slip feet keep it still on the desk. EVERYDAY MATH: Percent, square root and memory keys. EASY TO READ: A large, tilted display. QUALITY FIRST: Checked for defects before it ships.",Office Products › Office Electronics › Calculators › Desktop Calculators,Notary Lane,24.99,4.6,929,7909,[],
NB-00355,Inkwell & Oak Clamp Desk Lamp | Dimmable | Timer | Silver,TOUCH CONTROL: Tap to change brightness and color. ADJUSTABLE: A flexible arm points light where you need it. EYE FRIENDLY: Flicker-free light for late study sessions. CHARGE YOUR PHONE: A USB port in the base. BULK FRIENDLY: Popular with teachers and small businesses.,Office Products › Office Furniture & Lighting › Desk Lamps,Inkwell & Oak,30.99,4.2,1421,7999,[],
NB-00356,Inkwell & Oak LED Desk Lamp | Dimmable | Timer | Black,SAVES SPACE: A slim base or clamp mount. CHARGE YOUR PHONE: A USB port in the base. ADJUSTABLE: A flexible arm points light where you need it. EYE FRIENDLY: Flicker-free light for late study sessions. QUALITY FIRST: Checked for defects before it ships.,Office Products › Office Furniture & Lighting › Desk Lamps,Inkwell & Oak,22.99,4.7,39029,8314,[],
NB-00357,Brightfolio Architect Desk Lamp | Dimmable | USB Charging Port | Silver,TOUCH CONTROL: Tap to change brightness and color. CHARGE YOUR PHONE: A USB port in the base. SAVES SPACE: A slim base or clamp mount. EYE FRIENDLY: Flicker-free light for late study sessions. QUALITY FIRST: Checked for defects before it ships.,Office Products › Office Furniture & Lighting › Desk Lamps,Brightfolio,46.99,4.5,41063,7828,[],
NB-00358,Ledgerly Clamp Desk Lamp | 5 Color Modes | USB Charging Port | White,ADJUSTABLE: A flexible arm points light where you need it. EYE FRIENDLY: Flicker-free light for late study sessions. TOUCH CONTROL: Tap to change brightness and color. CHARGE YOUR PHONE: A USB port in the base. QUALITY FIRST: Checked for defects before it ships.,Office Products › Office Furniture & Lighting › Desk Lamps,Ledgerly,27.99,4.1,8920,7884,[],
NB-00359,Inkwell & Oak LED Desk Lamp | 5 Color Modes | Timer | Silver,"SAVES SPACE: A slim base or clamp mount. ADJUSTABLE: A flexible arm points light where you need it. CHARGE YOUR PHONE: A USB port in the base. TOUCH CONTROL: Tap to change brightness and color. OFFICE STAPLE: Useful at home, school or the office.",Office Products › Office Furniture & Lighting › Desk Lamps,Inkwell & Oak,40.99,4.4,59129,8614,[],
NB-00360,Brightfolio Architect Desk Lamp | 5 Color Modes | USB Charging Port | Silver,ADJUSTABLE: A flexible arm points light where you need it. TOUCH CONTROL: Tap to change brightness and color. EYE FRIENDLY: Flicker-free light for late study sessions. SAVES SPACE: A slim base or clamp mount. BULK FRIENDLY: Popular with teachers and small businesses.,Office Products › Office Furniture & Lighting › Desk Lamps,Brightfolio,28.99,4.3,157,7915,[],
NB-00361,Sunbarrow Kink Free Garden Hose | 100 ft | Brass Fittings | Burst Resistant,"NO KINKS: A flexible core that will not kink or tangle around the yard. SPRAY NOZZLE: Ten patterns for plants, cars and patios. EXPANDS AND SHRINKS: The hose stretches to full length with water and shrinks for storage. LIGHTWEIGHT: Easy to carry and coil. YARD TESTED: Tested through a full growing season before release.","Patio, Lawn & Garden › Gardening & Lawn Care › Watering Equipment › Garden Hoses",Sunbarrow,36.99,4.6,30978,8308,[],
NB-00362,Terrawick Lightweight Hybrid Hose | 100 ft | 10 Pattern Spray Nozzle | Burst Resistant,"EXPANDS AND SHRINKS: The hose stretches to full length with water and shrinks for storage. SPRAY NOZZLE: Ten patterns for plants, cars and patios. NO KINKS: A flexible core that will not kink or tangle around the yard. SOLID BRASS: Brass connectors that do not leak or crack. BUILT FOR OUTDOORS: Weather-resistant materials handle sun and rain.","Patio, Lawn & Garden › Gardening & Lawn Care › Watering Equipment › Garden Hoses",Terrawick,33.99,4.4,980,8493,[],
NB-00363,Terrawick Expandable Garden Hose | 100 ft | Brass Fittings | Burst Resistant,"SPRAY NOZZLE: Ten patterns for plants, cars and patios. SOLID BRASS: Brass connectors that do not leak or crack. NO KINKS: A flexible core that will not kink or tangle around the yard. LIGHTWEIGHT: Easy to carry and coil. GARDENER SUPPORT: Questions answered by our garden team.","Patio, Lawn & Garden › Gardening & Lawn Care › Watering Equipment › Garden Hoses",Terrawick,56.99,4.4,1182,7523,[],
NB-00364,Sunbarrow Kink Free Garden Hose | 25 ft | 10 Pattern Spray Nozzle | Burst Resistant,"LIGHTWEIGHT: Easy to carry and coil. SOLID BRASS: Brass connectors that do not leak or crack. SPRAY NOZZLE: Ten patterns for plants, cars and patios. NO KINKS: A flexible core that will not kink or tangle around the yard. BUILT FOR OUTDOORS: Weather-resistant materials handle sun and rain.","Patio, Lawn & Garden › Gardening & Lawn Care › Watering Equipment › Garden Hoses",Sunbarrow,57.99,4.6,4778,8546,[],
NB-00365,Terrawick Lightweight Hybrid Hose | 25 ft | Brass Fittings | Burst Resistant,"EXPANDS AND SHRINKS: The hose stretches to full length with water and shrinks for storage. LIGHTWEIGHT: Easy to carry and coil. SPRAY NOZZLE: Ten patterns for plants, cars and patios. NO KINKS: A flexible core that will not kink or tangle around the yard. BUILT FOR OUTDOORS: Weather-resistant materials handle sun and rain.","Patio, Lawn & Garden › Gardening & Lawn Care › Watering Equipment › Garden Hoses",Terrawick,59.99,4.3,91,8608,[],
NB-00366,Sunbarrow Expandable Garden Hose | 25 ft | Brass Fittings | Burst Resistant,"NO KINKS: A flexible core that will not kink or tangle around the yard. EXPANDS AND SHRINKS: The hose stretches to full length with water and shrinks for storage. SOLID BRASS: Brass connectors that do not leak or crack. SPRAY NOZZLE: Ten patterns for plants, cars and patios. GARDENER SUPPORT: Questions answered by our garden team.","Patio, Lawn & Garden › Gardening & Lawn Care › Watering Equipment › Garden Hoses",Sunbarrow,36.99,4.5,40,8501,[],
NB-00367,Sunbarrow Kink Free Garden Hose | 50 ft | Brass Fittings | Leakproof,"LIGHTWEIGHT: Easy to carry and coil. SPRAY NOZZLE: Ten patterns for plants, cars and patios. EXPANDS AND SHRINKS: The hose stretches to full length with water and shrinks for storage. SOLID BRASS: Brass connectors that do not leak or crack. YARD TESTED: Tested through a full growing season before release.","Patio, Lawn & Garden › Gardening & Lawn Care › Watering Equipment › Garden Hoses",Sunbarrow,55.99,4.8,7349,7759,[],
NB-00368,Greenhollow Lightweight Hybrid Hose | 50 ft | Brass Fittings | Burst Resistant,"NO KINKS: A flexible core that will not kink or tangle around the yard. EXPANDS AND SHRINKS: The hose stretches to full length with water and shrinks for storage. LIGHTWEIGHT: Easy to carry and coil. SPRAY NOZZLE: Ten patterns for plants, cars and patios. GARDENER SUPPORT: Questions answered by our garden team.","Patio, Lawn & Garden › Gardening & Lawn Care › Watering Equipment › Garden Hoses",Greenhollow,26.99,4.7,1630,7621,[],
NB-00369,Terrawick Micro Drip Kit | 100 ft Tubing | Adjustable Emitters | Container Kit,ADD A TIMER: Connects to a standard hose timer. TOOL FREE: Push-fit connectors snap together. WATER AT THE ROOTS: Drip tubing delivers water where the vegetable bed needs it. SAVE WATER: Uses far less than a sprinkler. GARDENER SUPPORT: Questions answered by our garden team.,"Patio, Lawn & Garden › Gardening & Lawn Care › Watering Equipment › Automatic Irrigation Equipment › Drip Irrigation Kits",Terrawick,21.99,4.5,28095,7978,[],
NB-00370,Sunbarrow Drip Irrigation Kit | 100 ft Tubing | Timer Ready | Raised Bed Kit,CUSTOMIZABLE: Cut the tubing to fit any bed or planter. ADD A TIMER: Connects to a standard hose timer. SAVE WATER: Uses far less than a sprinkler. TOOL FREE: Push-fit connectors snap together. BUILT FOR OUTDOORS: Weather-resistant materials handle sun and rain.,"Patio, Lawn & Garden › Gardening & Lawn Care › Watering Equipment › Automatic Irrigation Equipment › Drip Irrigation Kits",Sunbarrow,30.99,4.6,87,7912,[],
NB-00371,Greenhollow Garden Watering System | 100 ft Tubing | Timer Ready | Container Kit,ADD A TIMER: Connects to a standard hose timer. TOOL FREE: Push-fit connectors snap together. SAVE WATER: Uses far less than a sprinkler. WATER AT THE ROOTS: Drip tubing delivers water where the vegetable bed needs it. YARD TESTED: Tested through a full growing season before release.,"Patio, Lawn & Garden › Gardening & Lawn Care › Watering Equipment › Automatic Irrigation Equipment › Drip Irrigation Kits",Greenhollow,30.99,4.5,481,8398,[],
NB-00372,Sunbarrow Micro Drip Kit | 50 ft Tubing | Timer Ready | Raised Bed Kit,CUSTOMIZABLE: Cut the tubing to fit any bed or planter. ADD A TIMER: Connects to a standard hose timer. SAVE WATER: Uses far less than a sprinkler. TOOL FREE: Push-fit connectors snap together. BUILT FOR OUTDOORS: Weather-resistant materials handle sun and rain.,"Patio, Lawn & Garden › Gardening & Lawn Care › Watering Equipment › Automatic Irrigation Equipment › Drip Irrigation Kits",Sunbarrow,44.99,4.5,301,7427,[],
NB-00373,Greenhollow Drip Irrigation Kit | 50 ft Tubing | Timer Ready | Raised Bed Kit,SAVE WATER: Uses far less than a sprinkler. TOOL FREE: Push-fit connectors snap together. ADD A TIMER: Connects to a standard hose timer. CUSTOMIZABLE: Cut the tubing to fit any bed or planter. GARDENER SUPPORT: Questions answered by our garden team.,"Patio, Lawn & Garden › Gardening & Lawn Care › Watering Equipment › Automatic Irrigation Equipment › Drip Irrigation Kits",Greenhollow,44.99,4.7,63,7596,[],
NB-00374,Fernhaven Patio Umbrella | 7.5 ft | Push Button Tilt | Forest Green,AIR VENT: A top vent lets wind through. SHADE THE DECK: A wide canopy shades the patio table or deck. FADE RESISTANT: UV-protected fabric keeps its color. TILT FOR SUN: Angle the canopy as the sun moves. BUILT FOR OUTDOORS: Weather-resistant materials handle sun and rain.,"Patio, Lawn & Garden › Patio Furniture & Accessories › Umbrellas & Shade › Umbrellas",Fernhaven,127.99,4.1,57,7907,[],
NB-00375,Fernhaven Offset Cantilever Umbrella | 7.5 ft | Push Button Tilt | Forest Green,FADE RESISTANT: UV-protected fabric keeps its color. EASY OPEN: A smooth crank raises the umbrella. SHADE THE DECK: A wide canopy shades the patio table or deck. AIR VENT: A top vent lets wind through. GARDENER SUPPORT: Questions answered by our garden team.,"Patio, Lawn & Garden › Patio Furniture & Accessories › Umbrellas & Shade › Umbrellas",Fernhaven,94.99,4.1,2290,7636,[],
NB-00376,Rainhollow Market Table Umbrella | 7.5 ft | Crank Lift | Terracotta,EASY OPEN: A smooth crank raises the umbrella. FADE RESISTANT: UV-protected fabric keeps its color. AIR VENT: A top vent lets wind through. TILT FOR SUN: Angle the canopy as the sun moves. GARDENER SUPPORT: Questions answered by our garden team.,"Patio, Lawn & Garden › Patio Furniture & Accessories › Umbrellas & Shade › Umbrellas",Rainhollow,84.99,4.6,114,8553,[],
NB-00377,Mossgate Patio Umbrella | 9 ft | Push Button Tilt | Forest Green,AIR VENT: A top vent lets wind through. SHADE THE DECK: A wide canopy shades the patio table or deck. TILT FOR SUN: Angle the canopy as the sun moves. FADE RESISTANT: UV-protected fabric keeps its color. GARDENER SUPPORT: Questions answered by our garden team.,"Patio, Lawn & Garden › Patio Furniture & Accessories › Umbrellas & Shade › Umbrellas",Mossgate,102.99,4.4,13029,8468,[],
NB-00378,Mossgate Offset Cantilever Umbrella | 9 ft | Crank Lift | Navy,AIR VENT: A top vent lets wind through. FADE RESISTANT: UV-protected fabric keeps its color. SHADE THE DECK: A wide canopy shades the patio table or deck. TILT FOR SUN: Angle the canopy as the sun moves. YARD TESTED: Tested through a full growing season before release.,"Patio, Lawn & Garden › Patio Furniture & Accessories › Umbrellas & Shade › Umbrellas",Mossgate,92.99,4.2,115,7314,[],
NB-00379,Rainhollow Market Table Umbrella | 9 ft | Push Button Tilt | Terracotta,SHADE THE DECK: A wide canopy shades the patio table or deck. TILT FOR SUN: Angle the canopy as the sun moves. FADE RESISTANT: UV-protected fabric keeps its color. EASY OPEN: A smooth crank raises the umbrella. GARDENER SUPPORT: Questions answered by our garden team.,"Patio, Lawn & Garden › Patio Furniture & Accessories › Umbrellas & Shade › Umbrellas",Rainhollow,136.99,4.7,97,7325,[],
NB-00380,Greenhollow Solar Animal Repeller | 2-Pack | Flashing Light | Solar Powered,"MOTION SENSOR: Activates when an animal comes close. HUMANE: No traps or poisons. WEATHERPROOF: Stake it in the lawn through rain. SOLAR POWERED: Charges in the sun, no wiring. BUILT FOR OUTDOORS: Weather-resistant materials handle sun and rain.","Patio, Lawn & Garden › Pest Control › Repellents › Ultrasonic Repellers",Greenhollow,32.99,4.2,1536,8588,[],
NB-00381,Birchway Ultrasonic Deer Repeller | 2-Pack | Motion Activated | Solar Powered,"HUMANE: No traps or poisons. MOTION SENSOR: Activates when an animal comes close. WEATHERPROOF: Stake it in the lawn through rain. SOLAR POWERED: Charges in the sun, no wiring. GARDENER SUPPORT: Questions answered by our garden team.","Patio, Lawn & Garden › Pest Control › Repellents › Ultrasonic Repellers",Birchway,27.99,4.5,7141,7909,[],
NB-00382,Greenhollow Outdoor Critter Repeller | 2-Pack | Motion Activated | Solar Powered,"MOTION SENSOR: Activates when an animal comes close. HUMANE: No traps or poisons. SOLAR POWERED: Charges in the sun, no wiring. ULTRASONIC SOUND: Sends deer, raccoons and cats out of the garden. YARD TESTED: Tested through a full growing season before release.","Patio, Lawn & Garden › Pest Control › Repellents › Ultrasonic Repellers",Greenhollow,39.99,4.4,35894,7841,[],
NB-00383,Greenhollow Solar Animal Repeller | 4-Pack | Flashing Light | USB Rechargeable,"SOLAR POWERED: Charges in the sun, no wiring. WEATHERPROOF: Stake it in the lawn through rain. ULTRASONIC SOUND: Sends deer, raccoons and cats out of the garden. MOTION SENSOR: Activates when an animal comes close. BUILT FOR OUTDOORS: Weather-resistant materials handle sun and rain.","Patio, Lawn & Garden › Pest Control › Repellents › Ultrasonic Repellers",Greenhollow,35.99,4.6,17485,7636,[],
NB-00384,Loamsley Ultrasonic Deer Repeller | 4-Pack | Flashing Light | Solar Powered,"MOTION SENSOR: Activates when an animal comes close. HUMANE: No traps or poisons. SOLAR POWERED: Charges in the sun, no wiring. WEATHERPROOF: Stake it in the lawn through rain. GARDENER SUPPORT: Questions answered by our garden team.","Patio, Lawn & Garden › Pest Control › Repellents › Ultrasonic Repellers",Loamsley,35.99,4.1,2851,8125,[],
NB-00385,Terrawick Self Watering Planter | Set of 3 | 8 inch | Saucer Included,SELF WATERING: A reservoir keeps plants watered while you travel. GROW FOOD: Room for herbs and salad greens. INDOOR OR OUTDOOR: Durable enough for patios and windowsills. MODERN LOOK: Clean shapes that suit any room. BUILT FOR OUTDOORS: Weather-resistant materials handle sun and rain.,"Patio, Lawn & Garden › Gardening & Lawn Care › Pots, Planters & Container Accessories › Planters",Terrawick,34.99,4.2,21064,8251,[],
NB-00386,Greenhollow Raised Garden Bed Planter | Set of 3 | 6 inch | Drainage Hole,GROW FOOD: Room for herbs and salad greens. HEALTHY ROOTS: A drainage hole prevents soggy soil. INDOOR OR OUTDOOR: Durable enough for patios and windowsills. MODERN LOOK: Clean shapes that suit any room. GARDENER SUPPORT: Questions answered by our garden team.,"Patio, Lawn & Garden › Gardening & Lawn Care › Pots, Planters & Container Accessories › Planters",Greenhollow,29.99,4.2,16640,7436,[],
NB-00387,Sunbarrow Ceramic Plant Pots | Set of 3 | 10 inch | Saucer Included,INDOOR OR OUTDOOR: Durable enough for patios and windowsills. GROW FOOD: Room for herbs and salad greens. SELF WATERING: A reservoir keeps plants watered while you travel. HEALTHY ROOTS: A drainage hole prevents soggy soil. BUILT FOR OUTDOORS: Weather-resistant materials handle sun and rain.,"Patio, Lawn & Garden › Gardening & Lawn Care › Pots, Planters & Container Accessories › Planters",Sunbarrow,31.99,4.4,83,7378,[],
NB-00388,Greenhollow Self Watering Planter | Single | 10 inch | Drainage Hole,HEALTHY ROOTS: A drainage hole prevents soggy soil. MODERN LOOK: Clean shapes that suit any room. GROW FOOD: Room for herbs and salad greens. INDOOR OR OUTDOOR: Durable enough for patios and windowsills. YARD TESTED: Tested through a full growing season before release.,"Patio, Lawn & Garden › Gardening & Lawn Care › Pots, Planters & Container Accessories › Planters",Greenhollow,29.99,4.4,44422,8591,[],
NB-00389,Sunbarrow Raised Garden Bed Planter | Single | 10 inch | Saucer Included,SELF WATERING: A reservoir keeps plants watered while you travel. HEALTHY ROOTS: A drainage hole prevents soggy soil. INDOOR OR OUTDOOR: Durable enough for patios and windowsills. GROW FOOD: Room for herbs and salad greens. BUILT FOR OUTDOORS: Weather-resistant materials handle sun and rain.,"Patio, Lawn & Garden › Gardening & Lawn Care › Pots, Planters & Container Accessories › Planters",Sunbarrow,37.99,4.4,278,7941,[],
NB-00390,Sunbarrow Ceramic Plant Pots | Single | 8 inch | Drainage Hole,INDOOR OR OUTDOOR: Durable enough for patios and windowsills. MODERN LOOK: Clean shapes that suit any room. SELF WATERING: A reservoir keeps plants watered while you travel. HEALTHY ROOTS: A drainage hole prevents soggy soil. BUILT FOR OUTDOORS: Weather-resistant materials handle sun and rain.,"Patio, Lawn & Garden › Gardening & Lawn Care › Pots, Planters & Container Accessories › Planters",Sunbarrow,25.99,4.5,3747,7425,[],
NB-00391,Sunbarrow Self Watering Planter | Set of 2 | 6 inch | Saucer Included,SELF WATERING: A reservoir keeps plants watered while you travel. HEALTHY ROOTS: A drainage hole prevents soggy soil. INDOOR OR OUTDOOR: Durable enough for patios and windowsills. MODERN LOOK: Clean shapes that suit any room. GARDENER SUPPORT: Questions answered by our garden team.,"Patio, Lawn & Garden › Gardening & Lawn Care › Pots, Planters & Container Accessories › Planters",Sunbarrow,33.99,4.3,1343,8301,[],
NB-00392,Terrawick Outdoor Stake Lights | 8-Pack | Warm White | Auto On at Dusk,WEATHERPROOF: Handles rain and snow. EASY INSTALL: Push the stakes into the ground. LIGHT THE WAY: Brightens walkways and driveways. SOLAR POWERED: No wiring; lights charge in daylight. YARD TESTED: Tested through a full growing season before release.,"Patio, Lawn & Garden › Outdoor Décor › Outdoor Lighting › Pathway Lights",Terrawick,27.99,4.7,255,7930,[],
NB-00393,Sunbarrow Solar Pathway Lights | 8-Pack | Warm White | Auto On at Dusk,AUTO ON: Turns on at dusk and off at dawn. SOLAR POWERED: No wiring; lights charge in daylight. EASY INSTALL: Push the stakes into the ground. WEATHERPROOF: Handles rain and snow. YARD TESTED: Tested through a full growing season before release.,"Patio, Lawn & Garden › Outdoor Décor › Outdoor Lighting › Pathway Lights",Sunbarrow,22.99,4.7,47992,8083,[],
NB-00394,Sunbarrow Solar Garden Lights | 8-Pack | Warm White | Auto On at Dusk,LIGHT THE WAY: Brightens walkways and driveways. AUTO ON: Turns on at dusk and off at dawn. EASY INSTALL: Push the stakes into the ground. WEATHERPROOF: Handles rain and snow. GARDENER SUPPORT: Questions answered by our garden team.,"Patio, Lawn & Garden › Outdoor Décor › Outdoor Lighting › Pathway Lights",Sunbarrow,26.99,4.2,3617,7634,[],
NB-00395,Mossgate Outdoor Stake Lights | 12-Pack | Warm White | Auto On at Dusk,WEATHERPROOF: Handles rain and snow. LIGHT THE WAY: Brightens walkways and driveways. AUTO ON: Turns on at dusk and off at dawn. SOLAR POWERED: No wiring; lights charge in daylight. YARD TESTED: Tested through a full growing season before release.,"Patio, Lawn & Garden › Outdoor Décor › Outdoor Lighting › Pathway Lights",Mossgate,41.99,4.5,16735,7846,[],
NB-00396,Sunbarrow Solar Pathway Lights | 12-Pack | Color Changing | Waterproof,WEATHERPROOF: Handles rain and snow. LIGHT THE WAY: Brightens walkways and driveways. SOLAR POWERED: No wiring; lights charge in daylight. AUTO ON: Turns on at dusk and off at dawn. GARDENER SUPPORT: Questions answered by our garden team.,"Patio, Lawn & Garden › Outdoor Décor › Outdoor Lighting › Pathway Lights",Sunbarrow,34.99,4.6,10876,8251,[],
NB-00397,Sunbarrow Solar Garden Lights | 12-Pack | Warm White | Waterproof,SOLAR POWERED: No wiring; lights charge in daylight. WEATHERPROOF: Handles rain and snow. AUTO ON: Turns on at dusk and off at dawn. LIGHT THE WAY: Brightens walkways and driveways. GARDENER SUPPORT: Questions answered by our garden team.,"Patio, Lawn & Garden › Outdoor Décor › Outdoor Lighting › Pathway Lights",Sunbarrow,29.99,4.5,23456,8341,[],
NB-00398,Mossgate Outdoor Stake Lights | 6-Pack | Color Changing | Waterproof,AUTO ON: Turns on at dusk and off at dawn. LIGHT THE WAY: Brightens walkways and driveways. EASY INSTALL: Push the stakes into the ground. WEATHERPROOF: Handles rain and snow. YARD TESTED: Tested through a full growing season before release.,"Patio, Lawn & Garden › Outdoor Décor › Outdoor Lighting › Pathway Lights",Mossgate,27.99,4.4,876,7728,[],
NB-00399,Sunbarrow Heavy Duty Loppers | SK5 Steel Blade | Ergonomic Grip | Single,SAFETY LOCK: Locks closed for storage. COMFORT GRIP: Cushioned handles reduce hand fatigue. RUST RESISTANT: Coated blades. CLEAN CUTS: A sharp bypass blade cuts stems without crushing them. BUILT FOR OUTDOORS: Weather-resistant materials handle sun and rain.,"Patio, Lawn & Garden › Gardening & Lawn Care › Hand Tools › Pruning Shears",Sunbarrow,18.99,4.2,21345,7621,[],
NB-00400,Greenhollow Bypass Pruning Shears | SK5 Steel Blade | Safety Lock | 2-Pack,"SAFETY LOCK: Locks closed for storage. FOR ROSES AND SHRUBS: Trim flowers, herbs and branches. CLEAN CUTS: A sharp bypass blade cuts stems without crushing them. COMFORT GRIP: Cushioned handles reduce hand fatigue. YARD TESTED: Tested through a full growing season before release.","Patio, Lawn & Garden › Gardening & Lawn Care › Hand Tools › Pruning Shears",Greenhollow,19.99,4.3,53,8011,[],
NB-00401,Sunbarrow Garden Pruners | SK5 Steel Blade | Ergonomic Grip | 2-Pack,"RUST RESISTANT: Coated blades. COMFORT GRIP: Cushioned handles reduce hand fatigue. SAFETY LOCK: Locks closed for storage. FOR ROSES AND SHRUBS: Trim flowers, herbs and branches. GARDENER SUPPORT: Questions answered by our garden team.","Patio, Lawn & Garden › Gardening & Lawn Care › Hand Tools › Pruning Shears",Sunbarrow,26.99,4.3,470,8591,[],
NB-00402,Sunbarrow Heavy Duty Loppers | Titanium Coated | Safety Lock | 2-Pack,"COMFORT GRIP: Cushioned handles reduce hand fatigue. FOR ROSES AND SHRUBS: Trim flowers, herbs and branches. CLEAN CUTS: A sharp bypass blade cuts stems without crushing them. SAFETY LOCK: Locks closed for storage. YARD TESTED: Tested through a full growing season before release.","Patio, Lawn & Garden › Gardening & Lawn Care › Hand Tools › Pruning Shears",Sunbarrow,21.99,4.3,9518,8202,[],
NB-00403,Terrawick Bypass Pruning Shears | Titanium Coated | Safety Lock | 2-Pack,COMFORT GRIP: Cushioned handles reduce hand fatigue. SAFETY LOCK: Locks closed for storage. CLEAN CUTS: A sharp bypass blade cuts stems without crushing them. RUST RESISTANT: Coated blades. YARD TESTED: Tested through a full growing season before release.,"Patio, Lawn & Garden › Gardening & Lawn Care › Hand Tools › Pruning Shears",Terrawick,32.99,4.5,357,8189,[],
NB-00404,Greenhollow Garden Pruners | Titanium Coated | Safety Lock | 2-Pack,"SAFETY LOCK: Locks closed for storage. RUST RESISTANT: Coated blades. FOR ROSES AND SHRUBS: Trim flowers, herbs and branches. COMFORT GRIP: Cushioned handles reduce hand fatigue. BUILT FOR OUTDOORS: Weather-resistant materials handle sun and rain.","Patio, Lawn & Garden › Gardening & Lawn Care › Hand Tools › Pruning Shears",Greenhollow,31.99,4.4,3222,8050,[],
NB-00405,Mossgate Patio Seat Cushions | Set of 4 | Navy | Water Resistant,STAYS PUT: Ties keep cushions on the chairs. WEATHER READY: Water-resistant fabric dries fast. PLUSH COMFORT: Thick fill for long evenings on the patio. FADE RESISTANT: UV-protected fabric. GARDENER SUPPORT: Questions answered by our garden team.,"Patio, Lawn & Garden › Patio Furniture & Accessories › Patio Seating › Chair Cushions",Mossgate,38.99,4.2,4356,7562,[],
NB-00406,Mossgate Deep Seat Cushion Set | Set of 4 | Navy | Water Resistant,STAYS PUT: Ties keep cushions on the chairs. EASY CARE: Spot clean with mild soap. PLUSH COMFORT: Thick fill for long evenings on the patio. FADE RESISTANT: UV-protected fabric. GARDENER SUPPORT: Questions answered by our garden team.,"Patio, Lawn & Garden › Patio Furniture & Accessories › Patio Seating › Chair Cushions",Mossgate,38.99,4.8,3164,7645,[],
NB-00407,Fernhaven Outdoor Chair Cushions | Set of 4 | Stripe | Water Resistant,WEATHER READY: Water-resistant fabric dries fast. EASY CARE: Spot clean with mild soap. PLUSH COMFORT: Thick fill for long evenings on the patio. STAYS PUT: Ties keep cushions on the chairs. GARDENER SUPPORT: Questions answered by our garden team.,"Patio, Lawn & Garden › Patio Furniture & Accessories › Patio Seating › Chair Cushions",Fernhaven,27.99,4.3,2025,8346,[],
NB-00408,Rainhollow Patio Seat Cushions | Set of 2 | Sand | Ties Included,STAYS PUT: Ties keep cushions on the chairs. EASY CARE: Spot clean with mild soap. WEATHER READY: Water-resistant fabric dries fast. FADE RESISTANT: UV-protected fabric. GARDENER SUPPORT: Questions answered by our garden team.,"Patio, Lawn & Garden › Patio Furniture & Accessories › Patio Seating › Chair Cushions",Rainhollow,27.99,3.9,9574,8561,[],
NB-00409,Fernhaven Deep Seat Cushion Set | Set of 2 | Sand | Water Resistant,EASY CARE: Spot clean with mild soap. FADE RESISTANT: UV-protected fabric. WEATHER READY: Water-resistant fabric dries fast. PLUSH COMFORT: Thick fill for long evenings on the patio. BUILT FOR OUTDOORS: Weather-resistant materials handle sun and rain.,"Patio, Lawn & Garden › Patio Furniture & Accessories › Patio Seating › Chair Cushions",Fernhaven,32.99,4.0,530,7523,[],
NB-00410,Rainhollow BBQ Grill Tool Set | 5-Piece | Heat-Resistant Handles | Stainless Steel,"HEAVY DUTY: Thick stainless steel that will not bend. BACKYARD READY: Spatula, tongs and fork for every cookout. EASY CLEAN: Dishwasher safe. LONG HANDLES: Keep hands away from the heat. GARDENER SUPPORT: Questions answered by our garden team.","Patio, Lawn & Garden › Grills & Outdoor Cooking › Grilling Tools & Accessories › Grill Tool Sets",Rainhollow,33.99,4.8,995,7459,[],
NB-00411,Fernhaven Stainless Grill Utensils | 5-Piece | Carry Case | Bristle Free,"EASY CLEAN: Dishwasher safe. BACKYARD READY: Spatula, tongs and fork for every cookout. CARRY CASE: Keeps tools together for camping. LONG HANDLES: Keep hands away from the heat. YARD TESTED: Tested through a full growing season before release.","Patio, Lawn & Garden › Grills & Outdoor Cooking › Grilling Tools & Accessories › Grill Tool Sets",Fernhaven,30.99,4.1,236,7979,[],
NB-00412,Fernhaven Grill Brush and Scraper | 5-Piece | Heat-Resistant Handles | Stainless Steel,"HEAVY DUTY: Thick stainless steel that will not bend. EASY CLEAN: Dishwasher safe. CARRY CASE: Keeps tools together for camping. BACKYARD READY: Spatula, tongs and fork for every cookout. BUILT FOR OUTDOORS: Weather-resistant materials handle sun and rain.","Patio, Lawn & Garden › Grills & Outdoor Cooking › Grilling Tools & Accessories › Grill Tool Sets",Fernhaven,28.99,4.3,420,7698,[],
NB-00413,Birchway BBQ Grill Tool Set | Single | Heat-Resistant Handles | Stainless Steel,"LONG HANDLES: Keep hands away from the heat. EASY CLEAN: Dishwasher safe. BACKYARD READY: Spatula, tongs and fork for every cookout. HEAVY DUTY: Thick stainless steel that will not bend. BUILT FOR OUTDOORS: Weather-resistant materials handle sun and rain.","Patio, Lawn & Garden › Grills & Outdoor Cooking › Grilling Tools & Accessories › Grill Tool Sets",Birchway,41.99,4.0,5858,8500,[],
NB-00414,Fernhaven Stainless Grill Utensils | Single | Carry Case | Stainless Steel,"HEAVY DUTY: Thick stainless steel that will not bend. LONG HANDLES: Keep hands away from the heat. BACKYARD READY: Spatula, tongs and fork for every cookout. CARRY CASE: Keeps tools together for camping. YARD TESTED: Tested through a full growing season before release.","Patio, Lawn & Garden › Grills & Outdoor Cooking › Grilling Tools & Accessories › Grill Tool Sets",Fernhaven,40.99,4.4,218,7966,[],
NB-00415,Rainhollow Grill Brush and Scraper | Single | Heat-Resistant Handles | Bristle Free,"HEAVY DUTY: Thick stainless steel that will not bend. CARRY CASE: Keeps tools together for camping. BACKYARD READY: Spatula, tongs and fork for every cookout. LONG HANDLES: Keep hands away from the heat. GARDENER SUPPORT: Questions answered by our garden team.","Patio, Lawn & Garden › Grills & Outdoor Cooking › Grilling Tools & Accessories › Grill Tool Sets",Rainhollow,35.99,4.6,539,8239,[],
NB-00416,Greenhollow Heirloom Vegetable Seed Kit | 10 Varieties | Open Pollinated | Plant Markers,"HEIRLOOM: Save seeds for next season. HIGH GERMINATION: Fresh seed tested for sprouting. GROW YOUR OWN: Tomatoes, peppers, lettuce and more for the vegetable bed. BEGINNER FRIENDLY: A simple planting guide is included. GARDENER SUPPORT: Questions answered by our garden team.","Patio, Lawn & Garden › Gardening & Lawn Care › Plants, Seeds & Bulbs › Vegetable Seeds",Greenhollow,15.99,4.4,1722,8172,[],
NB-00417,Sunbarrow Salad Greens Seed Pack | 10 Varieties | Non-GMO | Plant Markers,"HIGH GERMINATION: Fresh seed tested for sprouting. GROW YOUR OWN: Tomatoes, peppers, lettuce and more for the vegetable bed. GIFT READY: A great gift for new gardeners. HEIRLOOM: Save seeds for next season. GARDENER SUPPORT: Questions answered by our garden team.","Patio, Lawn & Garden › Gardening & Lawn Care › Plants, Seeds & Bulbs › Vegetable Seeds",Sunbarrow,14.99,4.5,49,7703,[],
NB-00418,Terrawick Herb Seed Variety Pack | 10 Varieties | Non-GMO | Plant Markers,"GROW YOUR OWN: Tomatoes, peppers, lettuce and more for the vegetable bed. HEIRLOOM: Save seeds for next season. BEGINNER FRIENDLY: A simple planting guide is included. GIFT READY: A great gift for new gardeners. GARDENER SUPPORT: Questions answered by our garden team.","Patio, Lawn & Garden › Gardening & Lawn Care › Plants, Seeds & Bulbs › Vegetable Seeds",Terrawick,17.99,4.1,26909,8362,[],
NB-00419,Greenhollow Heirloom Vegetable Seed Kit | 15 Varieties | Non-GMO | Plant Markers,"HEIRLOOM: Save seeds for next season. GIFT READY: A great gift for new gardeners. GROW YOUR OWN: Tomatoes, peppers, lettuce and more for the vegetable bed. HIGH GERMINATION: Fresh seed tested for sprouting. GARDENER SUPPORT: Questions answered by our garden team.","Patio, Lawn & Garden › Gardening & Lawn Care › Plants, Seeds & Bulbs › Vegetable Seeds",Greenhollow,10.99,4.5,28703,7733,[],
NB-00420,Terrawick Salad Greens Seed Pack | 15 Varieties | Open Pollinated | Planting Guide,"GIFT READY: A great gift for new gardeners. GROW YOUR OWN: Tomatoes, peppers, lettuce and more for the vegetable bed. HIGH GERMINATION: Fresh seed tested for sprouting. BEGINNER FRIENDLY: A simple planting guide is included. YARD TESTED: Tested through a full growing season before release.","Patio, Lawn & Garden › Gardening & Lawn Care › Plants, Seeds & Bulbs › Vegetable Seeds",Terrawick,10.99,4.4,111,7427,[],
NB-00421,Pawvista Outdoor Bark Deterrent | 3 Levels | Battery Powered | Indoor and Outdoor,AUTO DETECT: A microphone triggers the tone only when a dog barks. HUMANE: No shocks or sprays. WEATHERPROOF: Built for backyards. STOP BARKING: A high-pitched tone the dog hears interrupts nuisance barking. SAFE MATERIALS: Non-toxic materials chosen for curious mouths.,Pet Supplies › Dogs › Training & Behavior Aids › Sonic Bark Deterrents,Pawvista,25.99,4.2,26972,7749,[],
NB-00422,Whiskerwell Ultrasonic Bark Control Device | 3 Levels | Battery Powered | Indoor and Outdoor,WORKS ON NEIGHBORS: Hang it on the fence to calm the dog next door. AUTO DETECT: A microphone triggers the tone only when a dog barks. HUMANE: No shocks or sprays. WEATHERPROOF: Built for backyards. PET PARENT APPROVED: Tested with our own dogs and cats.,Pet Supplies › Dogs › Training & Behavior Aids › Sonic Bark Deterrents,Whiskerwell,23.99,4.4,11866,7602,[],
NB-00423,Pawvista Anti Barking Device | 3 Levels | Rechargeable | 50 ft Range,WEATHERPROOF: Built for backyards. AUTO DETECT: A microphone triggers the tone only when a dog barks. WORKS ON NEIGHBORS: Hang it on the fence to calm the dog next door. STOP BARKING: A high-pitched tone the dog hears interrupts nuisance barking. PET PARENT APPROVED: Tested with our own dogs and cats.,Pet Supplies › Dogs › Training & Behavior Aids › Sonic Bark Deterrents,Pawvista,22.99,4.5,15004,7932,[],
NB-00424,Pawvista Outdoor Bark Deterrent | 4 Modes | Battery Powered | 50 ft Range,HUMANE: No shocks or sprays. WORKS ON NEIGHBORS: Hang it on the fence to calm the dog next door. AUTO DETECT: A microphone triggers the tone only when a dog barks. WEATHERPROOF: Built for backyards. PET PARENT APPROVED: Tested with our own dogs and cats.,Pet Supplies › Dogs › Training & Behavior Aids › Sonic Bark Deterrents,Pawvista,37.99,4.5,233,7501,[],
NB-00425,Barkhaven Ultrasonic Bark Control Device | 4 Modes | Rechargeable | Indoor and Outdoor,HUMANE: No shocks or sprays. STOP BARKING: A high-pitched tone the dog hears interrupts nuisance barking. WORKS ON NEIGHBORS: Hang it on the fence to calm the dog next door. AUTO DETECT: A microphone triggers the tone only when a dog barks. SAFE MATERIALS: Non-toxic materials chosen for curious mouths.,Pet Supplies › Dogs › Training & Behavior Aids › Sonic Bark Deterrents,Barkhaven,37.99,4.3,1515,8483,[],
NB-00426,Whiskerwell Anti Barking Device | 4 Modes | Rechargeable | Indoor and Outdoor,STOP BARKING: A high-pitched tone the dog hears interrupts nuisance barking. WEATHERPROOF: Built for backyards. WORKS ON NEIGHBORS: Hang it on the fence to calm the dog next door. HUMANE: No shocks or sprays. SAFE MATERIALS: Non-toxic materials chosen for curious mouths.,Pet Supplies › Dogs › Training & Behavior Aids › Sonic Bark Deterrents,Whiskerwell,34.99,4.8,20493,8620,[],
NB-00427,Whiskerwell Outdoor Bark Deterrent | 3 Levels | Rechargeable | 50 ft Range,WORKS ON NEIGHBORS: Hang it on the fence to calm the dog next door. HUMANE: No shocks or sprays. WEATHERPROOF: Built for backyards. AUTO DETECT: A microphone triggers the tone only when a dog barks. SAFE MATERIALS: Non-toxic materials chosen for curious mouths.,Pet Supplies › Dogs › Training & Behavior Aids › Sonic Bark Deterrents,Whiskerwell,30.99,4.3,8054,8619,[],
NB-00428,Whiskerwell Ultrasonic Bark Control Device | 3 Levels | Battery Powered | 50 ft Range,HUMANE: No shocks or sprays. WEATHERPROOF: Built for backyards. STOP BARKING: A high-pitched tone the dog hears interrupts nuisance barking. WORKS ON NEIGHBORS: Hang it on the fence to calm the dog next door. HAPPY GUARANTEE: Not a fit for your pet? We will make it right.,Pet Supplies › Dogs › Training & Behavior Aids › Sonic Bark Deterrents,Whiskerwell,35.99,4.3,3432,8082,[],
NB-00429,Whiskerwell Enzymatic Dog Toothpaste | Poultry Flavor | Kit | Finger Brush Included,"FRESH BREATH: Enzymes fight dog breath and plaque. TASTY: A flavor dogs like, so brushing is easier. SAFE TO SWALLOW: No foaming agents or fluoride. VET RECOMMENDED ROUTINE: Brush a few times a week. HAPPY GUARANTEE: Not a fit for your pet? We will make it right.",Pet Supplies › Dogs › Health Supplies › Dental Care › Toothpaste,Whiskerwell,12.99,4.6,1031,8583,[],
NB-00430,Whiskerwell Dog Dental Kit | Poultry Flavor | Kit | No Rinse,"SAFE TO SWALLOW: No foaming agents or fluoride. COMPLETE KIT: Brush and finger brush included. FRESH BREATH: Enzymes fight dog breath and plaque. TASTY: A flavor dogs like, so brushing is easier. PET PARENT APPROVED: Tested with our own dogs and cats.",Pet Supplies › Dogs › Health Supplies › Dental Care › Toothpaste,Whiskerwell,8.99,4.3,19941,7801,[],
NB-00431,Pawvista Dog Toothpaste and Brush Set | Poultry Flavor | Kit | No Rinse,"TASTY: A flavor dogs like, so brushing is easier. SAFE TO SWALLOW: No foaming agents or fluoride. FRESH BREATH: Enzymes fight dog breath and plaque. COMPLETE KIT: Brush and finger brush included. SAFE MATERIALS: Non-toxic materials chosen for curious mouths.",Pet Supplies › Dogs › Health Supplies › Dental Care › Toothpaste,Pawvista,15.99,4.7,82,8630,[],
NB-00432,Pawvista Enzymatic Dog Toothpaste | Peanut Butter Flavor | Kit | Finger Brush Included,"VET RECOMMENDED ROUTINE: Brush a few times a week. FRESH BREATH: Enzymes fight dog breath and plaque. COMPLETE KIT: Brush and finger brush included. TASTY: A flavor dogs like, so brushing is easier. HAPPY GUARANTEE: Not a fit for your pet? We will make it right.",Pet Supplies › Dogs › Health Supplies › Dental Care › Toothpaste,Pawvista,14.99,4.4,40,8040,[],
NB-00433,Pawvista Orthopedic Dog Bed | Large | Waterproof Liner | Gray,NON-SKID BASE: Stays in place on hard floors. WASHABLE: The cover zips off for the washer. JOINT SUPPORT: Egg-crate foam cushions older dogs. CALMING: Raised rims give a sense of security. SAFE MATERIALS: Non-toxic materials chosen for curious mouths.,Pet Supplies › Dogs › Beds & Furniture › Beds,Pawvista,41.99,4.3,156,8606,[],
NB-00434,Whiskerwell Calming Donut Dog Bed | Large | Removable Cover | Cream,CALMING: Raised rims give a sense of security. NON-SKID BASE: Stays in place on hard floors. WASHABLE: The cover zips off for the washer. ROOM TO STRETCH: Sized for big sprawling sleepers. HAPPY GUARANTEE: Not a fit for your pet? We will make it right.,Pet Supplies › Dogs › Beds & Furniture › Beds,Whiskerwell,37.99,4.2,48,7531,[],
NB-00435,Whiskerwell Bolster Dog Bed | Large | Waterproof Liner | Cream,JOINT SUPPORT: Egg-crate foam cushions older dogs. WASHABLE: The cover zips off for the washer. CALMING: Raised rims give a sense of security. ROOM TO STRETCH: Sized for big sprawling sleepers. SAFE MATERIALS: Non-toxic materials chosen for curious mouths.,Pet Supplies › Dogs › Beds & Furniture › Beds,Whiskerwell,73.99,4.1,60,7748,[],
NB-00436,Pawvista Orthopedic Dog Bed | Extra Large | Waterproof Liner | Gray,NON-SKID BASE: Stays in place on hard floors. ROOM TO STRETCH: Sized for big sprawling sleepers. WASHABLE: The cover zips off for the washer. JOINT SUPPORT: Egg-crate foam cushions older dogs. HAPPY GUARANTEE: Not a fit for your pet? We will make it right.,Pet Supplies › Dogs › Beds & Furniture › Beds,Pawvista,59.99,4.4,42,7949,[],
NB-00437,Whiskerwell Calming Donut Dog Bed | Extra Large | Waterproof Liner | Cream,ROOM TO STRETCH: Sized for big sprawling sleepers. NON-SKID BASE: Stays in place on hard floors. JOINT SUPPORT: Egg-crate foam cushions older dogs. WASHABLE: The cover zips off for the washer. PET PARENT APPROVED: Tested with our own dogs and cats.,Pet Supplies › Dogs › Beds & Furniture › Beds,Whiskerwell,43.99,4.8,66,8319,[],
NB-00438,Whiskerwell Bolster Dog Bed | Extra Large | Removable Cover | Gray,WASHABLE: The cover zips off for the washer. NON-SKID BASE: Stays in place on hard floors. ROOM TO STRETCH: Sized for big sprawling sleepers. CALMING: Raised rims give a sense of security. HAPPY GUARANTEE: Not a fit for your pet? We will make it right.,Pet Supplies › Dogs › Beds & Furniture › Beds,Whiskerwell,31.99,4.1,2343,7819,[],
NB-00439,Barkhaven Orthopedic Dog Bed | Medium | Waterproof Liner | Cream,NON-SKID BASE: Stays in place on hard floors. JOINT SUPPORT: Egg-crate foam cushions older dogs. WASHABLE: The cover zips off for the washer. ROOM TO STRETCH: Sized for big sprawling sleepers. HAPPY GUARANTEE: Not a fit for your pet? We will make it right.,Pet Supplies › Dogs › Beds & Furniture › Beds,Barkhaven,63.99,4.3,59523,8122,[],
NB-00440,Whiskerwell Reflective Dog Harness | Large | Front Clip | Black,HANDLE: A top handle for quick control. EASY ON: Quick-release buckles. REFLECTIVE: Stitching glows in headlights. PADDED: Soft mesh prevents chafing. HAPPY GUARANTEE: Not a fit for your pet? We will make it right.,"Pet Supplies › Dogs › Collars, Harnesses & Leashes › Harnesses",Whiskerwell,32.99,4.4,107,8460,[],
NB-00441,Whiskerwell Step In Dog Harness | Large | Handle on Top | Blue,REFLECTIVE: Stitching glows in headlights. PADDED: Soft mesh prevents chafing. HANDLE: A top handle for quick control. EASY ON: Quick-release buckles. PET PARENT APPROVED: Tested with our own dogs and cats.,"Pet Supplies › Dogs › Collars, Harnesses & Leashes › Harnesses",Whiskerwell,29.99,4.4,118,8406,[],
NB-00442,Whiskerwell No Pull Dog Harness | Large | Front Clip | Blue,PADDED: Soft mesh prevents chafing. HANDLE: A top handle for quick control. EASY ON: Quick-release buckles. REFLECTIVE: Stitching glows in headlights. SAFE MATERIALS: Non-toxic materials chosen for curious mouths.,"Pet Supplies › Dogs › Collars, Harnesses & Leashes › Harnesses",Whiskerwell,21.99,4.2,7995,8071,[],
NB-00443,Whiskerwell Reflective Dog Harness | Small | Front Clip | Blue,EASY ON: Quick-release buckles. PADDED: Soft mesh prevents chafing. REFLECTIVE: Stitching glows in headlights. NO PULL: A front clip gently steers the dog on walks. HAPPY GUARANTEE: Not a fit for your pet? We will make it right.,"Pet Supplies › Dogs › Collars, Harnesses & Leashes › Harnesses",Whiskerwell,16.99,4.4,3631,7928,[],
NB-00444,Barkhaven Step In Dog Harness | Small | Handle on Top | Black,REFLECTIVE: Stitching glows in headlights. HANDLE: A top handle for quick control. NO PULL: A front clip gently steers the dog on walks. EASY ON: Quick-release buckles. HAPPY GUARANTEE: Not a fit for your pet? We will make it right.,"Pet Supplies › Dogs › Collars, Harnesses & Leashes › Harnesses",Barkhaven,17.99,4.2,8813,7729,[],
NB-00445,Barkhaven No Pull Dog Harness | Small | Front Clip | Black,PADDED: Soft mesh prevents chafing. HANDLE: A top handle for quick control. EASY ON: Quick-release buckles. REFLECTIVE: Stitching glows in headlights. HAPPY GUARANTEE: Not a fit for your pet? We will make it right.,"Pet Supplies › Dogs › Collars, Harnesses & Leashes › Harnesses",Barkhaven,22.99,4.3,3279,8399,[],
NB-00446,Whiskerwell Reflective Dog Harness | Medium | Front Clip | Red,NO PULL: A front clip gently steers the dog on walks. REFLECTIVE: Stitching glows in headlights. EASY ON: Quick-release buckles. PADDED: Soft mesh prevents chafing. HAPPY GUARANTEE: Not a fit for your pet? We will make it right.,"Pet Supplies › Dogs › Collars, Harnesses & Leashes › Harnesses",Whiskerwell,20.99,4.7,1807,7510,[],
NB-00447,Pawvista Tough Dog Chew Toy | Medium Dogs | Nylon | Peppermint Scent,FOR POWER CHEWERS: Dense rubber stands up to strong jaws. KEEPS BUSY: Hide treats inside for a puzzle. BOUNCES: Unpredictable bounces for fetch. SAFE: Non-toxic and free of BPA. SAFE MATERIALS: Non-toxic materials chosen for curious mouths.,Pet Supplies › Dogs › Toys › Chew Toys,Pawvista,11.99,4.5,41,8115,[],
NB-00448,Whiskerwell Rubber Chew Bone | Medium Dogs | Natural Rubber | Peppermint Scent,SAFE: Non-toxic and free of BPA. FOR POWER CHEWERS: Dense rubber stands up to strong jaws. KEEPS BUSY: Hide treats inside for a puzzle. BOUNCES: Unpredictable bounces for fetch. PET PARENT APPROVED: Tested with our own dogs and cats.,Pet Supplies › Dogs › Toys › Chew Toys,Whiskerwell,10.99,4.6,558,8390,[],
NB-00449,Barkhaven Treat Dispensing Toy | Medium Dogs | Natural Rubber | Bacon Scent,KEEPS BUSY: Hide treats inside for a puzzle. CLEANS TEETH: Ridges help clean while chewing. FOR POWER CHEWERS: Dense rubber stands up to strong jaws. BOUNCES: Unpredictable bounces for fetch. PET PARENT APPROVED: Tested with our own dogs and cats.,Pet Supplies › Dogs › Toys › Chew Toys,Barkhaven,16.99,4.5,1091,7708,[],
NB-00450,Whiskerwell Tough Dog Chew Toy | Large Dogs | Natural Rubber | Bacon Scent,FOR POWER CHEWERS: Dense rubber stands up to strong jaws. CLEANS TEETH: Ridges help clean while chewing. KEEPS BUSY: Hide treats inside for a puzzle. BOUNCES: Unpredictable bounces for fetch. HAPPY GUARANTEE: Not a fit for your pet? We will make it right.,Pet Supplies › Dogs › Toys › Chew Toys,Whiskerwell,16.99,4.6,300,8500,[],
NB-00451,Whiskerwell Rubber Chew Bone | Large Dogs | Natural Rubber | Peppermint Scent,FOR POWER CHEWERS: Dense rubber stands up to strong jaws. SAFE: Non-toxic and free of BPA. KEEPS BUSY: Hide treats inside for a puzzle. CLEANS TEETH: Ridges help clean while chewing. PET PARENT APPROVED: Tested with our own dogs and cats.,Pet Supplies › Dogs › Toys › Chew Toys,Whiskerwell,21.99,4.4,67,8590,[],
NB-00452,Barkhaven Treat Dispensing Toy | Large Dogs | Nylon | Bacon Scent,KEEPS BUSY: Hide treats inside for a puzzle. SAFE: Non-toxic and free of BPA. FOR POWER CHEWERS: Dense rubber stands up to strong jaws. BOUNCES: Unpredictable bounces for fetch. SAFE MATERIALS: Non-toxic materials chosen for curious mouths.,Pet Supplies › Dogs › Toys › Chew Toys,Barkhaven,21.99,4.8,1247,8064,[],
NB-00453,Tailbright Waterproof Litter Mat | 35 x 23 in | Soft Foam | Beige,NON-SLIP: Stays flat in front of the box. TRAPS LITTER: Honeycomb holes catch scattered litter. WATERPROOF: A sealed bottom protects the floor. SOFT ON PAWS: Comfortable for cats to walk on. SAFE MATERIALS: Non-toxic materials chosen for curious mouths.,Pet Supplies › Cats › Litter & Housebreaking › Litter Mats,Tailbright,16.99,4.6,90,8603,[],
NB-00454,Snoutly Cat Litter Mat | 35 x 23 in | Double Layer | Gray,WATERPROOF: A sealed bottom protects the floor. EASY TO EMPTY: Open the layers and pour litter back. SOFT ON PAWS: Comfortable for cats to walk on. NON-SLIP: Stays flat in front of the box. SAFE MATERIALS: Non-toxic materials chosen for curious mouths.,Pet Supplies › Cats › Litter & Housebreaking › Litter Mats,Snoutly,20.99,4.4,2577,8591,[],
NB-00455,Furlough & Co Honeycomb Litter Trapping Mat | 35 x 23 in | Double Layer | Gray,EASY TO EMPTY: Open the layers and pour litter back. WATERPROOF: A sealed bottom protects the floor. TRAPS LITTER: Honeycomb holes catch scattered litter. SOFT ON PAWS: Comfortable for cats to walk on. PET PARENT APPROVED: Tested with our own dogs and cats.,Pet Supplies › Cats › Litter & Housebreaking › Litter Mats,Furlough & Co,19.99,4.6,946,8024,[],
NB-00456,Snoutly Waterproof Litter Mat | 24 x 16 in | Double Layer | Gray,EASY TO EMPTY: Open the layers and pour litter back. NON-SLIP: Stays flat in front of the box. SOFT ON PAWS: Comfortable for cats to walk on. WATERPROOF: A sealed bottom protects the floor. SAFE MATERIALS: Non-toxic materials chosen for curious mouths.,Pet Supplies › Cats › Litter & Housebreaking › Litter Mats,Snoutly,27.99,4.3,1157,8358,[],
NB-00457,Furlough & Co Cat Litter Mat | 24 x 16 in | Soft Foam | Beige,WATERPROOF: A sealed bottom protects the floor. TRAPS LITTER: Honeycomb holes catch scattered litter. EASY TO EMPTY: Open the layers and pour litter back. NON-SLIP: Stays flat in front of the box. PET PARENT APPROVED: Tested with our own dogs and cats.,Pet Supplies › Cats › Litter & Housebreaking › Litter Mats,Furlough & Co,24.99,4.1,9107,8410,[],
NB-00458,Tailbright Retractable Cat Wand | 5 Refills | Bell Attached | Fixed Length,BONDING TIME: Interactive play with your cat. FEATHER REFILLS: Swap attachments to keep play fresh. TELESCOPING: Extends for long throws. INDOOR EXERCISE: Chasing keeps indoor cats active. SAFE MATERIALS: Non-toxic materials chosen for curious mouths.,Pet Supplies › Cats › Toys › Teaser Wands,Tailbright,13.99,4.3,15291,8574,[],
NB-00459,Tailbright Cat Feather Wand Toy | 5 Refills | Crinkle Tail | Telescoping,BONDING TIME: Interactive play with your cat. SAFE: Secure attachments. TELESCOPING: Extends for long throws. INDOOR EXERCISE: Chasing keeps indoor cats active. HAPPY GUARANTEE: Not a fit for your pet? We will make it right.,Pet Supplies › Cats › Toys › Teaser Wands,Tailbright,10.99,4.5,1320,8486,[],
NB-00460,Tailbright Interactive Cat Teaser | 5 Refills | Bell Attached | Telescoping,TELESCOPING: Extends for long throws. BONDING TIME: Interactive play with your cat. FEATHER REFILLS: Swap attachments to keep play fresh. INDOOR EXERCISE: Chasing keeps indoor cats active. SAFE MATERIALS: Non-toxic materials chosen for curious mouths.,Pet Supplies › Cats › Toys › Teaser Wands,Tailbright,14.99,4.1,39648,7507,[],
NB-00461,Furlough & Co Retractable Cat Wand | 10 Refills | Crinkle Tail | Fixed Length,TELESCOPING: Extends for long throws. FEATHER REFILLS: Swap attachments to keep play fresh. SAFE: Secure attachments. BONDING TIME: Interactive play with your cat. PET PARENT APPROVED: Tested with our own dogs and cats.,Pet Supplies › Cats › Toys › Teaser Wands,Furlough & Co,15.99,4.3,53,7936,[],
NB-00462,Furlough & Co Cat Feather Wand Toy | 10 Refills | Bell Attached | Telescoping,TELESCOPING: Extends for long throws. BONDING TIME: Interactive play with your cat. FEATHER REFILLS: Swap attachments to keep play fresh. SAFE: Secure attachments. PET PARENT APPROVED: Tested with our own dogs and cats.,Pet Supplies › Cats › Toys › Teaser Wands,Furlough & Co,13.99,4.2,3734,7626,[],
NB-00463,Tailbright Interactive Cat Teaser | 10 Refills | Bell Attached | Fixed Length,INDOOR EXERCISE: Chasing keeps indoor cats active. BONDING TIME: Interactive play with your cat. TELESCOPING: Extends for long throws. SAFE: Secure attachments. SAFE MATERIALS: Non-toxic materials chosen for curious mouths.,Pet Supplies › Cats › Toys › Teaser Wands,Tailbright,10.99,4.3,559,8070,[],
NB-00464,Furlough & Co Cat Tree Tower | 54 in | Hammock | Beige,EASY ASSEMBLY: Tools included. STABLE BASE: Wide base keeps the tower steady. SCRATCH POSTS: Sisal posts save the furniture. CLIMB AND PERCH: Multiple levels to climb and lounge. PET PARENT APPROVED: Tested with our own dogs and cats.,Pet Supplies › Cats › Beds & Furniture › Cat Trees,Furlough & Co,59.99,4.5,343,7970,[],
NB-00465,Snoutly Small Cat Condo | 54 in | Hammock | Gray,STABLE BASE: Wide base keeps the tower steady. CLIMB AND PERCH: Multiple levels to climb and lounge. SCRATCH POSTS: Sisal posts save the furniture. EASY ASSEMBLY: Tools included. HAPPY GUARANTEE: Not a fit for your pet? We will make it right.,Pet Supplies › Cats › Beds & Furniture › Cat Trees,Snoutly,72.99,4.2,266,7392,[],
NB-00466,Tailbright Cat Scratching Tree | 54 in | Hammock | Beige,COZY CONDO: A hideaway for naps. EASY ASSEMBLY: Tools included. CLIMB AND PERCH: Multiple levels to climb and lounge. SCRATCH POSTS: Sisal posts save the furniture. HAPPY GUARANTEE: Not a fit for your pet? We will make it right.,Pet Supplies › Cats › Beds & Furniture › Cat Trees,Tailbright,46.99,4.2,11403,7495,[],
NB-00467,Furlough & Co Cat Tree Tower | 60 in | Hammock | Gray,CLIMB AND PERCH: Multiple levels to climb and lounge. SCRATCH POSTS: Sisal posts save the furniture. STABLE BASE: Wide base keeps the tower steady. EASY ASSEMBLY: Tools included. SAFE MATERIALS: Non-toxic materials chosen for curious mouths.,Pet Supplies › Cats › Beds & Furniture › Cat Trees,Furlough & Co,53.99,3.9,957,8148,[],
NB-00468,Tailbright Small Cat Condo | 60 in | Hammock | Gray,CLIMB AND PERCH: Multiple levels to climb and lounge. COZY CONDO: A hideaway for naps. SCRATCH POSTS: Sisal posts save the furniture. STABLE BASE: Wide base keeps the tower steady. HAPPY GUARANTEE: Not a fit for your pet? We will make it right.,Pet Supplies › Cats › Beds & Furniture › Cat Trees,Tailbright,66.99,4.2,15141,8172,[],
NB-00469,Furlough & Co Cat Water Fountain | 3L | Low Water Alert | Filters Included,EASY TO CLEAN: Dishwasher-safe parts. WHISPER QUIET: A quiet pump. FRESH WATER: Flowing water encourages cats to drink more. LOW WATER ALERT: A light shows when it needs a refill. SAFE MATERIALS: Non-toxic materials chosen for curious mouths.,Pet Supplies › Cats › Feeding & Watering Supplies › Fountains,Furlough & Co,28.99,4.6,41974,8020,[],
NB-00470,Furlough & Co Stainless Pet Fountain | 3L | Low Water Alert | Filters Included,EASY TO CLEAN: Dishwasher-safe parts. WHISPER QUIET: A quiet pump. FILTERED: Filters remove hair and debris. FRESH WATER: Flowing water encourages cats to drink more. SAFE MATERIALS: Non-toxic materials chosen for curious mouths.,Pet Supplies › Cats › Feeding & Watering Supplies › Fountains,Furlough & Co,26.99,4.5,724,7636,[],
NB-00471,Tailbright Quiet Pet Water Fountain | 3L | LED Light | Stainless Steel,FRESH WATER: Flowing water encourages cats to drink more. LOW WATER ALERT: A light shows when it needs a refill. FILTERED: Filters remove hair and debris. EASY TO CLEAN: Dishwasher-safe parts. PET PARENT APPROVED: Tested with our own dogs and cats.,Pet Supplies › Cats › Feeding & Watering Supplies › Fountains,Tailbright,39.99,4.8,96,8515,[],
NB-00472,Furlough & Co Cat Water Fountain | 2L | LED Light | Filters Included,LOW WATER ALERT: A light shows when it needs a refill. WHISPER QUIET: A quiet pump. FRESH WATER: Flowing water encourages cats to drink more. FILTERED: Filters remove hair and debris. HAPPY GUARANTEE: Not a fit for your pet? We will make it right.,Pet Supplies › Cats › Feeding & Watering Supplies › Fountains,Furlough & Co,26.99,4.5,128,7923,[],
NB-00473,Tailbright Stainless Pet Fountain | 2L | Low Water Alert | Filters Included,LOW WATER ALERT: A light shows when it needs a refill. WHISPER QUIET: A quiet pump. FILTERED: Filters remove hair and debris. FRESH WATER: Flowing water encourages cats to drink more. PET PARENT APPROVED: Tested with our own dogs and cats.,Pet Supplies › Cats › Feeding & Watering Supplies › Fountains,Tailbright,26.99,4.4,122,7809,[],
NB-00474,Kibblecrest LED Aquarium Light | 24-36 in Tanks | Timer | Full Spectrum,BRIGHT COLORS: Full spectrum makes fish and plants pop. PLANT GROWTH: Supports live aquarium plants. ADJUSTABLE: Extendable brackets fit many tanks. DAY AND NIGHT: Timer mimics sunrise and sunset. SAFE MATERIALS: Non-toxic materials chosen for curious mouths.,Pet Supplies › Fish & Aquatic Pets › Aquarium Lights,Kibblecrest,53.99,4.3,16717,7525,[],
NB-00475,Kibblecrest Full Spectrum Fish Tank Light | 24-36 in Tanks | Dimmable | Full Spectrum,BRIGHT COLORS: Full spectrum makes fish and plants pop. PLANT GROWTH: Supports live aquarium plants. DAY AND NIGHT: Timer mimics sunrise and sunset. ADJUSTABLE: Extendable brackets fit many tanks. HAPPY GUARANTEE: Not a fit for your pet? We will make it right.,Pet Supplies › Fish & Aquatic Pets › Aquarium Lights,Kibblecrest,50.99,4.3,43,7488,[],
NB-00476,Kibblecrest Clip On Aquarium Light | 24-36 in Tanks | Dimmable | Full Spectrum,PLANT GROWTH: Supports live aquarium plants. ENERGY SAVING: Low-power LEDs. ADJUSTABLE: Extendable brackets fit many tanks. BRIGHT COLORS: Full spectrum makes fish and plants pop. HAPPY GUARANTEE: Not a fit for your pet? We will make it right.,Pet Supplies › Fish & Aquatic Pets › Aquarium Lights,Kibblecrest,41.99,4.4,40685,8453,[],
NB-00477,Pawvista LED Aquarium Light | 12-18 in Tanks | Timer | Blue and White,ADJUSTABLE: Extendable brackets fit many tanks. PLANT GROWTH: Supports live aquarium plants. BRIGHT COLORS: Full spectrum makes fish and plants pop. DAY AND NIGHT: Timer mimics sunrise and sunset. HAPPY GUARANTEE: Not a fit for your pet? We will make it right.,Pet Supplies › Fish & Aquatic Pets › Aquarium Lights,Pawvista,58.99,4.6,1363,8134,[],
NB-00478,Barkhaven Small Animal Chew Toys | 10-Pack | Willow | Natural,"FOR SMALL PETS: Rabbits, hamsters and guinea pigs. NATURAL WOOD: Untreated wood and grass. BOREDOM BUSTER: Many shapes to explore. SAFE: No glue or dyes. PET PARENT APPROVED: Tested with our own dogs and cats.",Pet Supplies › Small Animals › Chews & Toys,Barkhaven,12.99,4.6,6075,7326,[],
NB-00479,Furlough & Co Rabbit Chew Sticks | 10-Pack | Applewood | No Dyes,"SAFE: No glue or dyes. BOREDOM BUSTER: Many shapes to explore. NATURAL WOOD: Untreated wood and grass. FOR SMALL PETS: Rabbits, hamsters and guinea pigs. HAPPY GUARANTEE: Not a fit for your pet? We will make it right.",Pet Supplies › Small Animals › Chews & Toys,Furlough & Co,14.99,4.3,1959,7793,[],
NB-00480,Furlough & Co Hamster Chew Set | 10-Pack | Applewood | No Dyes,"BOREDOM BUSTER: Many shapes to explore. FOR SMALL PETS: Rabbits, hamsters and guinea pigs. SAFE: No glue or dyes. HEALTHY TEETH: Chewing keeps growing teeth trim. HAPPY GUARANTEE: Not a fit for your pet? We will make it right.",Pet Supplies › Small Animals › Chews & Toys,Furlough & Co,11.99,4.3,42,7506,[],
NB-00481,Northvale Pine Valley Rangers Fan Tee | Adult Unisex | Navy | Vintage Print,SOFT BLEND: A cotton blend that feels broken in. CLASSIC FIT: Relaxed fit for tailgates and couches. LASTING PRINT: The graphic holds up wash after wash. FOR EVERY FAN: Sizes for adults and kids. ACTIVE GUARANTEE: Covered against defects for a full year.,Sports & Outdoors › Fan Shop › Clothing › T-Shirts,Northvale,34.99,4.6,33567,7523,[],
NB-00482,Kestrow Ironbridge Foundry Fan Shirt | Adult Unisex | Navy | Distressed Logo,"FOR EVERY FAN: Sizes for adults and kids. CLASSIC FIT: Relaxed fit for tailgates and couches. LASTING PRINT: The graphic holds up wash after wash. SOFT BLEND: A cotton blend that feels broken in. PACKS SMALL: Easy to carry to the park, trail or gym.",Sports & Outdoors › Fan Shop › Clothing › T-Shirts,Kestrow,21.99,4.6,57370,7902,[],
NB-00483,Kestrow Harbor City Gulls Fan T-Shirt | Adult Unisex | Red | Vintage Print,GAME DAY: Show support for the home team. FOR EVERY FAN: Sizes for adults and kids. LASTING PRINT: The graphic holds up wash after wash. SOFT BLEND: A cotton blend that feels broken in. ACTIVE GUARANTEE: Covered against defects for a full year.,Sports & Outdoors › Fan Shop › Clothing › T-Shirts,Kestrow,23.99,4.6,11066,8482,[],
NB-00484,Northvale Pine Valley Rangers Fan Tee | Youth | Red | Distressed Logo,"GAME DAY: Show support for the home team. SOFT BLEND: A cotton blend that feels broken in. LASTING PRINT: The graphic holds up wash after wash. FOR EVERY FAN: Sizes for adults and kids. PACKS SMALL: Easy to carry to the park, trail or gym.",Sports & Outdoors › Fan Shop › Clothing › T-Shirts,Northvale,30.99,4.6,187,7951,[],
NB-00485,Kestrow Ironbridge Foundry Fan Shirt | Youth | Red | Distressed Logo,FOR EVERY FAN: Sizes for adults and kids. SOFT BLEND: A cotton blend that feels broken in. GAME DAY: Show support for the home team. LASTING PRINT: The graphic holds up wash after wash. FIELD TESTED: Put through a season of real use before launch.,Sports & Outdoors › Fan Shop › Clothing › T-Shirts,Kestrow,26.99,4.6,223,8373,[],
NB-00486,Kestrow Harbor City Gulls Fan T-Shirt | Youth | Red | Vintage Print,FOR EVERY FAN: Sizes for adults and kids. SOFT BLEND: A cotton blend that feels broken in. LASTING PRINT: The graphic holds up wash after wash. GAME DAY: Show support for the home team. ACTIVE GUARANTEE: Covered against defects for a full year.,Sports & Outdoors › Fan Shop › Clothing › T-Shirts,Kestrow,23.99,4.6,87,8150,[],
NB-00487,Coldwater Co Non Slip Yoga Mat | 4mm | Alignment Lines | Purple,EASY TO CLEAN: Wipe down after each session. LIGHTWEIGHT: Easy to carry to class. CUSHIONED: Extra thickness protects knees and wrists. ALIGNMENT LINES: Guides for hand and foot placement. FIELD TESTED: Put through a season of real use before launch.,Sports & Outdoors › Exercise & Fitness › Yoga › Yoga Mats,Coldwater Co,40.99,4.1,40243,7367,[],
NB-00488,Coldwater Co Extra Thick Exercise Mat | 4mm | Carry Strap | Teal,ALIGNMENT LINES: Guides for hand and foot placement. GRIP: A textured surface stops slipping in downward dog. CUSHIONED: Extra thickness protects knees and wrists. EASY TO CLEAN: Wipe down after each session. FIELD TESTED: Put through a season of real use before launch.,Sports & Outdoors › Exercise & Fitness › Yoga › Yoga Mats,Coldwater Co,28.99,4.2,22292,7985,[],
NB-00489,Coldwater Co Travel Yoga Mat | 4mm | Carry Strap | Purple,"LIGHTWEIGHT: Easy to carry to class. ALIGNMENT LINES: Guides for hand and foot placement. GRIP: A textured surface stops slipping in downward dog. CUSHIONED: Extra thickness protects knees and wrists. PACKS SMALL: Easy to carry to the park, trail or gym.",Sports & Outdoors › Exercise & Fitness › Yoga › Yoga Mats,Coldwater Co,28.99,4.3,1053,8574,[],
NB-00490,Summitra Non Slip Yoga Mat | 6mm | Carry Strap | Purple,ALIGNMENT LINES: Guides for hand and foot placement. GRIP: A textured surface stops slipping in downward dog. EASY TO CLEAN: Wipe down after each session. CUSHIONED: Extra thickness protects knees and wrists. FIELD TESTED: Put through a season of real use before launch.,Sports & Outdoors › Exercise & Fitness › Yoga › Yoga Mats,Summitra,28.99,4.2,64,8064,[],
NB-00491,Trailhenge Extra Thick Exercise Mat | 6mm | Alignment Lines | Teal,"ALIGNMENT LINES: Guides for hand and foot placement. CUSHIONED: Extra thickness protects knees and wrists. EASY TO CLEAN: Wipe down after each session. LIGHTWEIGHT: Easy to carry to class. PACKS SMALL: Easy to carry to the park, trail or gym.",Sports & Outdoors › Exercise & Fitness › Yoga › Yoga Mats,Trailhenge,45.99,4.3,1160,7646,[],
NB-00492,Coldwater Co Travel Yoga Mat | 6mm | Carry Strap | Black,GRIP: A textured surface stops slipping in downward dog. CUSHIONED: Extra thickness protects knees and wrists. EASY TO CLEAN: Wipe down after each session. LIGHTWEIGHT: Easy to carry to class. ACTIVE GUARANTEE: Covered against defects for a full year.,Sports & Outdoors › Exercise & Fitness › Yoga › Yoga Mats,Coldwater Co,33.99,4.2,26784,7779,[],
NB-00493,Coldwater Co Non Slip Yoga Mat | 10mm | Alignment Lines | Teal,GRIP: A textured surface stops slipping in downward dog. CUSHIONED: Extra thickness protects knees and wrists. EASY TO CLEAN: Wipe down after each session. ALIGNMENT LINES: Guides for hand and foot placement. ACTIVE GUARANTEE: Covered against defects for a full year.,Sports & Outdoors › Exercise & Fitness › Yoga › Yoga Mats,Coldwater Co,34.99,4.2,4123,8355,[],
NB-00494,Summitra Adjustable Dumbbell Set | 25 lb Set | Anti Roll | Pink,"DURABLE COATING: Protects floors. ANTI ROLL: Hex ends keep dumbbells from rolling away. SAVES SPACE: Adjust weight instead of buying a rack. HOME GYM: Strength workouts without a membership. PACKS SMALL: Easy to carry to the park, trail or gym.",Sports & Outdoors › Exercise & Fitness › Strength Training Equipment › Dumbbells,Summitra,59.99,4.5,32407,8031,[],
NB-00495,Summitra Neoprene Dumbbells | 25 lb Set | Rack Included | Black,COMFORT GRIP: Knurled handles for a secure hold. SAVES SPACE: Adjust weight instead of buying a rack. ANTI ROLL: Hex ends keep dumbbells from rolling away. HOME GYM: Strength workouts without a membership. ACTIVE GUARANTEE: Covered against defects for a full year.,Sports & Outdoors › Exercise & Fitness › Strength Training Equipment › Dumbbells,Summitra,48.99,4.1,382,7342,[],
NB-00496,Coldwater Co Hex Dumbbell Pair | 25 lb Set | Rack Included | Teal,SAVES SPACE: Adjust weight instead of buying a rack. DURABLE COATING: Protects floors. ANTI ROLL: Hex ends keep dumbbells from rolling away. COMFORT GRIP: Knurled handles for a secure hold. FIELD TESTED: Put through a season of real use before launch.,Sports & Outdoors › Exercise & Fitness › Strength Training Equipment › Dumbbells,Coldwater Co,30.99,4.5,2497,7977,[],
NB-00497,Coldwater Co Adjustable Dumbbell Set | 52 lb Adjustable | Rack Included | Black,SAVES SPACE: Adjust weight instead of buying a rack. COMFORT GRIP: Knurled handles for a secure hold. DURABLE COATING: Protects floors. ANTI ROLL: Hex ends keep dumbbells from rolling away. ACTIVE GUARANTEE: Covered against defects for a full year.,Sports & Outdoors › Exercise & Fitness › Strength Training Equipment › Dumbbells,Coldwater Co,32.99,4.4,2830,7750,[],
NB-00498,Summitra Neoprene Dumbbells | 52 lb Adjustable | Anti Roll | Pink,DURABLE COATING: Protects floors. SAVES SPACE: Adjust weight instead of buying a rack. ANTI ROLL: Hex ends keep dumbbells from rolling away. HOME GYM: Strength workouts without a membership. ACTIVE GUARANTEE: Covered against defects for a full year.,Sports & Outdoors › Exercise & Fitness › Strength Training Equipment › Dumbbells,Summitra,53.99,4.4,2937,8249,[],
NB-00499,Coldwater Co Hex Dumbbell Pair | 52 lb Adjustable | Anti Roll | Teal,"COMFORT GRIP: Knurled handles for a secure hold. SAVES SPACE: Adjust weight instead of buying a rack. ANTI ROLL: Hex ends keep dumbbells from rolling away. DURABLE COATING: Protects floors. PACKS SMALL: Easy to carry to the park, trail or gym.",Sports & Outdoors › Exercise & Fitness › Strength Training Equipment › Dumbbells,Coldwater Co,52.99,4.5,47595,7337,[],
NB-00500,Velocia Insulated Sports Bottle | 32 oz | Straw Lid | Olive,LEAKPROOF: Toss it in a gym bag. COLD FOR HOURS: Double-wall stainless steel keeps water cold all day. BPA FREE: Food-grade materials. WIDE MOUTH: Fits ice cubes and cleans easily. FIELD TESTED: Put through a season of real use before launch.,Sports & Outdoors › Outdoor Recreation › Camping & Hiking › Hydration & Filtration › Water Bottles,Velocia,18.99,4.6,56,7365,[],
NB-00501,Basinwood Wide Mouth Water Bottle | 32 oz | Straw Lid | Glacier Blue,LEAKPROOF: Toss it in a gym bag. BPA FREE: Food-grade materials. WIDE MOUTH: Fits ice cubes and cleans easily. COLD FOR HOURS: Double-wall stainless steel keeps water cold all day. FIELD TESTED: Put through a season of real use before launch.,Sports & Outdoors › Outdoor Recreation › Camping & Hiking › Hydration & Filtration › Water Bottles,Basinwood,33.99,4.1,15394,8539,[],
NB-00502,Basinwood Stainless Steel Water Bottle | 32 oz | Straw Lid | Olive,BPA FREE: Food-grade materials. COLD FOR HOURS: Double-wall stainless steel keeps water cold all day. LEAKPROOF: Toss it in a gym bag. TOUGH: Powder coat resists dents and scratches. ACTIVE GUARANTEE: Covered against defects for a full year.,Sports & Outdoors › Outdoor Recreation › Camping & Hiking › Hydration & Filtration › Water Bottles,Basinwood,32.99,4.3,2813,7969,[],
NB-00503,Ridgeline Gear Insulated Sports Bottle | 40 oz | Straw Lid | Glacier Blue,"LEAKPROOF: Toss it in a gym bag. BPA FREE: Food-grade materials. TOUGH: Powder coat resists dents and scratches. WIDE MOUTH: Fits ice cubes and cleans easily. PACKS SMALL: Easy to carry to the park, trail or gym.",Sports & Outdoors › Outdoor Recreation › Camping & Hiking › Hydration & Filtration › Water Bottles,Ridgeline Gear,19.99,4.6,18885,8367,[],
NB-00504,Velocia Wide Mouth Water Bottle | 40 oz | Chug Lid | Glacier Blue,BPA FREE: Food-grade materials. WIDE MOUTH: Fits ice cubes and cleans easily. TOUGH: Powder coat resists dents and scratches. LEAKPROOF: Toss it in a gym bag. ACTIVE GUARANTEE: Covered against defects for a full year.,Sports & Outdoors › Outdoor Recreation › Camping & Hiking › Hydration & Filtration › Water Bottles,Velocia,30.99,4.2,4476,8166,[],
NB-00505,Basinwood Stainless Steel Water Bottle | 40 oz | Chug Lid | Glacier Blue,LEAKPROOF: Toss it in a gym bag. BPA FREE: Food-grade materials. WIDE MOUTH: Fits ice cubes and cleans easily. COLD FOR HOURS: Double-wall stainless steel keeps water cold all day. ACTIVE GUARANTEE: Covered against defects for a full year.,Sports & Outdoors › Outdoor Recreation › Camping & Hiking › Hydration & Filtration › Water Bottles,Basinwood,26.99,4.7,651,8016,[],
NB-00506,Velocia Insulated Sports Bottle | 24 oz | Straw Lid | Olive,TOUGH: Powder coat resists dents and scratches. COLD FOR HOURS: Double-wall stainless steel keeps water cold all day. LEAKPROOF: Toss it in a gym bag. WIDE MOUTH: Fits ice cubes and cleans easily. ACTIVE GUARANTEE: Covered against defects for a full year.,Sports & Outdoors › Outdoor Recreation › Camping & Hiking › Hydration & Filtration › Water Bottles,Velocia,17.99,4.5,236,7854,[],
NB-00507,Kestrow Fishing Lure Kit | 100 Pieces | Tackle Box Included | Freshwater,"CATCH MORE: Lifelike action draws strikes from bass and trout. VARIETY: Crankbaits, spinners and soft baits in one kit. ORGANIZED: A tackle box keeps everything sorted. GREAT GIFT: A starter kit for new anglers. ACTIVE GUARANTEE: Covered against defects for a full year.","Sports & Outdoors › Hunting & Fishing › Fishing › Fishing Lures, Baits & Attractants › Lures",Kestrow,14.99,4.4,5551,7696,[],
NB-00508,Northvale Soft Plastic Bait Set | 100 Pieces | Tackle Box Included | Trout,"GREAT GIFT: A starter kit for new anglers. SHARP HOOKS: Strong hooks that hold. VARIETY: Crankbaits, spinners and soft baits in one kit. ORGANIZED: A tackle box keeps everything sorted. ACTIVE GUARANTEE: Covered against defects for a full year.","Sports & Outdoors › Hunting & Fishing › Fishing › Fishing Lures, Baits & Attractants › Lures",Northvale,21.99,4.5,6088,8333,[],
NB-00509,Summitra Topwater Lure Set | 100 Pieces | Hooks Included | Trout,"VARIETY: Crankbaits, spinners and soft baits in one kit. CATCH MORE: Lifelike action draws strikes from bass and trout. SHARP HOOKS: Strong hooks that hold. GREAT GIFT: A starter kit for new anglers. FIELD TESTED: Put through a season of real use before launch.","Sports & Outdoors › Hunting & Fishing › Fishing › Fishing Lures, Baits & Attractants › Lures",Summitra,18.99,4.6,7992,8197,[],
NB-00510,Kestrow Fishing Lure Kit | 12 Pieces | Hooks Included | Freshwater,"GREAT GIFT: A starter kit for new anglers. VARIETY: Crankbaits, spinners and soft baits in one kit. CATCH MORE: Lifelike action draws strikes from bass and trout. SHARP HOOKS: Strong hooks that hold. PACKS SMALL: Easy to carry to the park, trail or gym.","Sports & Outdoors › Hunting & Fishing › Fishing › Fishing Lures, Baits & Attractants › Lures",Kestrow,14.99,4.1,78,7965,[],
NB-00511,Summitra Soft Plastic Bait Set | 12 Pieces | Tackle Box Included | Bass,"CATCH MORE: Lifelike action draws strikes from bass and trout. GREAT GIFT: A starter kit for new anglers. ORGANIZED: A tackle box keeps everything sorted. VARIETY: Crankbaits, spinners and soft baits in one kit. FIELD TESTED: Put through a season of real use before launch.","Sports & Outdoors › Hunting & Fishing › Fishing › Fishing Lures, Baits & Attractants › Lures",Summitra,22.99,4.1,29545,8102,[],
NB-00512,Northvale Topwater Lure Set | 12 Pieces | Tackle Box Included | Bass,"VARIETY: Crankbaits, spinners and soft baits in one kit. SHARP HOOKS: Strong hooks that hold. GREAT GIFT: A starter kit for new anglers. CATCH MORE: Lifelike action draws strikes from bass and trout. FIELD TESTED: Put through a season of real use before launch.","Sports & Outdoors › Hunting & Fishing › Fishing › Fishing Lures, Baits & Attractants › Lures",Northvale,21.99,4.4,1331,8149,[],
NB-00513,Kestrow Fishing Lure Kit | 60 Pieces | Tackle Box Included | Bass,"CATCH MORE: Lifelike action draws strikes from bass and trout. VARIETY: Crankbaits, spinners and soft baits in one kit. GREAT GIFT: A starter kit for new anglers. ORGANIZED: A tackle box keeps everything sorted. ACTIVE GUARANTEE: Covered against defects for a full year.","Sports & Outdoors › Hunting & Fishing › Fishing › Fishing Lures, Baits & Attractants › Lures",Kestrow,21.99,4.7,282,7766,[],
NB-00514,Basinwood Hydration Backpack | 40L | Rain Cover | Laptop Sleeve,"WATER RESISTANT: Keeps gear dry in drizzle. PACKABLE: Folds into its own pocket for travel. ORGANIZED: Many pockets for snacks, keys and a jacket. COMFORT: Padded straps and a breathable back. FIELD TESTED: Put through a season of real use before launch.",Sports & Outdoors › Outdoor Recreation › Camping & Hiking › Backpacks & Bags › Hiking Daypacks,Basinwood,45.99,4.0,187,8631,[],
NB-00515,Ridgeline Gear Lightweight Hiking Daypack | 40L | Rain Cover | Laptop Sleeve,WATER RESISTANT: Keeps gear dry in drizzle. COMFORT: Padded straps and a breathable back. LIGHTWEIGHT: Barely noticeable on the back. PACKABLE: Folds into its own pocket for travel. FIELD TESTED: Put through a season of real use before launch.,Sports & Outdoors › Outdoor Recreation › Camping & Hiking › Backpacks & Bags › Hiking Daypacks,Ridgeline Gear,79.99,4.2,43,8155,[],
NB-00516,Velocia Packable Travel Backpack | 40L | Water Resistant | Hip Belt,"ORGANIZED: Many pockets for snacks, keys and a jacket. PACKABLE: Folds into its own pocket for travel. WATER RESISTANT: Keeps gear dry in drizzle. COMFORT: Padded straps and a breathable back. PACKS SMALL: Easy to carry to the park, trail or gym.",Sports & Outdoors › Outdoor Recreation › Camping & Hiking › Backpacks & Bags › Hiking Daypacks,Velocia,39.99,4.3,162,8425,[],
NB-00517,Velocia Hydration Backpack | 20L | Water Resistant | Hip Belt,"ORGANIZED: Many pockets for snacks, keys and a jacket. LIGHTWEIGHT: Barely noticeable on the back. PACKABLE: Folds into its own pocket for travel. COMFORT: Padded straps and a breathable back. ACTIVE GUARANTEE: Covered against defects for a full year.",Sports & Outdoors › Outdoor Recreation › Camping & Hiking › Backpacks & Bags › Hiking Daypacks,Velocia,39.99,4.5,4418,7417,[],
NB-00518,Velocia Lightweight Hiking Daypack | 20L | Rain Cover | Hip Belt,"PACKABLE: Folds into its own pocket for travel. COMFORT: Padded straps and a breathable back. ORGANIZED: Many pockets for snacks, keys and a jacket. WATER RESISTANT: Keeps gear dry in drizzle. ACTIVE GUARANTEE: Covered against defects for a full year.",Sports & Outdoors › Outdoor Recreation › Camping & Hiking › Backpacks & Bags › Hiking Daypacks,Velocia,73.99,4.1,196,7798,[],
NB-00519,Basinwood Packable Travel Backpack | 20L | Water Resistant | Hip Belt,"WATER RESISTANT: Keeps gear dry in drizzle. PACKABLE: Folds into its own pocket for travel. COMFORT: Padded straps and a breathable back. ORGANIZED: Many pockets for snacks, keys and a jacket. PACKS SMALL: Easy to carry to the park, trail or gym.",Sports & Outdoors › Outdoor Recreation › Camping & Hiking › Backpacks & Bags › Hiking Daypacks,Basinwood,63.99,4.5,256,7573,[],
NB-00520,Ridgeline Gear Hydration Backpack | 30L | Rain Cover | Hip Belt,"LIGHTWEIGHT: Barely noticeable on the back. WATER RESISTANT: Keeps gear dry in drizzle. ORGANIZED: Many pockets for snacks, keys and a jacket. COMFORT: Padded straps and a breathable back. ACTIVE GUARANTEE: Covered against defects for a full year.",Sports & Outdoors › Outdoor Recreation › Camping & Hiking › Backpacks & Bags › Hiking Daypacks,Ridgeline Gear,41.99,4.1,59,7890,[],
NB-00521,Velocia Dome Camping Tent | 6 Person | Instant Setup | Mesh Roof,VENTILATION: Mesh panels for summer nights. ROOMY: Space for sleeping pads and gear. QUICK SETUP: Pitch the tent in minutes. WEATHER READY: A full rainfly and taped seams. ACTIVE GUARANTEE: Covered against defects for a full year.,Sports & Outdoors › Outdoor Recreation › Camping & Hiking › Tents & Shelters › Camping Tents,Velocia,80.99,4.1,9846,8638,[],
NB-00522,Ridgeline Gear Instant Cabin Tent | 6 Person | Rainfly Included | Mesh Roof,ROOMY: Space for sleeping pads and gear. QUICK SETUP: Pitch the tent in minutes. VENTILATION: Mesh panels for summer nights. WEATHER READY: A full rainfly and taped seams. FIELD TESTED: Put through a season of real use before launch.,Sports & Outdoors › Outdoor Recreation › Camping & Hiking › Tents & Shelters › Camping Tents,Ridgeline Gear,89.99,4.2,1753,7705,[],
NB-00523,Ridgeline Gear Backpacking Tent | 6 Person | Rainfly Included | Mesh Roof,"CARRY BAG: Packs down for the trunk. ROOMY: Space for sleeping pads and gear. VENTILATION: Mesh panels for summer nights. WEATHER READY: A full rainfly and taped seams. PACKS SMALL: Easy to carry to the park, trail or gym.",Sports & Outdoors › Outdoor Recreation › Camping & Hiking › Tents & Shelters › Camping Tents,Ridgeline Gear,91.99,4.3,24695,7801,[],
NB-00524,Basinwood Dome Camping Tent | 2 Person | Rainfly Included | Vestibule,"VENTILATION: Mesh panels for summer nights. CARRY BAG: Packs down for the trunk. WEATHER READY: A full rainfly and taped seams. ROOMY: Space for sleeping pads and gear. PACKS SMALL: Easy to carry to the park, trail or gym.",Sports & Outdoors › Outdoor Recreation › Camping & Hiking › Tents & Shelters › Camping Tents,Basinwood,160.99,4.3,18946,7476,[],
NB-00525,Basinwood Instant Cabin Tent | 2 Person | Instant Setup | Vestibule,"CARRY BAG: Packs down for the trunk. ROOMY: Space for sleeping pads and gear. QUICK SETUP: Pitch the tent in minutes. WEATHER READY: A full rainfly and taped seams. PACKS SMALL: Easy to carry to the park, trail or gym.",Sports & Outdoors › Outdoor Recreation › Camping & Hiking › Tents & Shelters › Camping Tents,Basinwood,140.99,4.4,156,7727,[],
NB-00526,Coldwater Co Training Soccer Ball | Size 5 | Pump Included | White and Blue,SOFT TOUCH: Comfortable to head and trap. PUMP INCLUDED: Ready to play out of the box. HOLDS AIR: A butyl bladder keeps its shape. DURABLE: Holds up on grass and turf. ACTIVE GUARANTEE: Covered against defects for a full year.,Sports & Outdoors › Sports › Team Sports › Soccer › Soccer Balls,Coldwater Co,15.99,4.6,85,8017,[],
NB-00527,Coldwater Co Match Soccer Ball | Size 5 | Pump Included | White and Blue,HOLDS AIR: A butyl bladder keeps its shape. DURABLE: Holds up on grass and turf. SOFT TOUCH: Comfortable to head and trap. PUMP INCLUDED: Ready to play out of the box. ACTIVE GUARANTEE: Covered against defects for a full year.,Sports & Outdoors › Sports › Team Sports › Soccer › Soccer Balls,Coldwater Co,24.99,4.1,1474,7630,[],
NB-00528,Coldwater Co Soccer Ball | Size 5 | Pump Included | Neon Yellow,HOLDS AIR: A butyl bladder keeps its shape. DURABLE: Holds up on grass and turf. SOFT TOUCH: Comfortable to head and trap. PUMP INCLUDED: Ready to play out of the box. FIELD TESTED: Put through a season of real use before launch.,Sports & Outdoors › Sports › Team Sports › Soccer › Soccer Balls,Coldwater Co,34.99,4.8,504,7782,[],
NB-00529,Velocia Training Soccer Ball | Size 4 | Pump Included | White and Blue,"SOFT TOUCH: Comfortable to head and trap. TRUE FLIGHT: A balanced build for accurate passes. HOLDS AIR: A butyl bladder keeps its shape. DURABLE: Holds up on grass and turf. PACKS SMALL: Easy to carry to the park, trail or gym.",Sports & Outdoors › Sports › Team Sports › Soccer › Soccer Balls,Velocia,27.99,4.7,408,7997,[],
NB-00530,Velocia Match Soccer Ball | Size 4 | Machine Stitched | Neon Yellow,SOFT TOUCH: Comfortable to head and trap. PUMP INCLUDED: Ready to play out of the box. DURABLE: Holds up on grass and turf. HOLDS AIR: A butyl bladder keeps its shape. ACTIVE GUARANTEE: Covered against defects for a full year.,Sports & Outdoors › Sports › Team Sports › Soccer › Soccer Balls,Velocia,20.99,4.4,1317,8335,[],
NB-00531,Ridgeline Gear Folding Bleacher Seat | Extra Wide | Cup Holder | Red,"WATER RESISTANT: Wipes clean. CLIPS ON: Hooks onto bleachers. FOLDS FLAT: Carry it with a shoulder strap. BACK SUPPORT: A padded backrest makes long games comfortable. PACKS SMALL: Easy to carry to the park, trail or gym.",Sports & Outdoors › Sports & Outdoor Recreation Accessories › Stadium Seats,Ridgeline Gear,30.99,4.4,79,7524,[],
NB-00532,Ridgeline Gear Wide Stadium Chair | Extra Wide | Armrests | Black,"FOLDS FLAT: Carry it with a shoulder strap. POCKETS: Storage for a phone and snacks. WATER RESISTANT: Wipes clean. CLIPS ON: Hooks onto bleachers. PACKS SMALL: Easy to carry to the park, trail or gym.",Sports & Outdoors › Sports & Outdoor Recreation Accessories › Stadium Seats,Ridgeline Gear,45.99,4.4,23226,7722,[],
NB-00533,Kestrow Stadium Seat with Back Support | Extra Wide | Armrests | Red,"CLIPS ON: Hooks onto bleachers. BACK SUPPORT: A padded backrest makes long games comfortable. POCKETS: Storage for a phone and snacks. FOLDS FLAT: Carry it with a shoulder strap. PACKS SMALL: Easy to carry to the park, trail or gym.",Sports & Outdoors › Sports & Outdoor Recreation Accessories › Stadium Seats,Kestrow,30.99,4.0,1173,7437,[],
NB-00534,Ridgeline Gear Folding Bleacher Seat | Standard | Cup Holder | Red,"WATER RESISTANT: Wipes clean. POCKETS: Storage for a phone and snacks. FOLDS FLAT: Carry it with a shoulder strap. BACK SUPPORT: A padded backrest makes long games comfortable. PACKS SMALL: Easy to carry to the park, trail or gym.",Sports & Outdoors › Sports & Outdoor Recreation Accessories › Stadium Seats,Ridgeline Gear,40.99,4.3,1670,8196,[],
NB-00535,Coldwater Co Men's Lightweight Gym Shorts | 9 inch | Zip Pocket | Navy,"BUILT-IN LINER: Supportive and chafe-free. LIGHT AND QUICK: Lightweight fabric for fast miles. DRIES FAST: Wicks sweat away. ZIP POCKET: Holds keys and a phone securely. PACKS SMALL: Easy to carry to the park, trail or gym.",Sports & Outdoors › Clothing › Men › Shorts › Running Shorts,Coldwater Co,25.99,4.3,1253,8188,[],
NB-00536,Coldwater Co Men's Running Shorts | 9 inch | Liner | Navy,"LIGHT AND QUICK: Lightweight fabric for fast miles. BUILT-IN LINER: Supportive and chafe-free. REFLECTIVE: Details for early morning runs. ZIP POCKET: Holds keys and a phone securely. PACKS SMALL: Easy to carry to the park, trail or gym.",Sports & Outdoors › Clothing › Men › Shorts › Running Shorts,Coldwater Co,28.99,4.3,1821,8476,[],
NB-00537,Northvale Men's 2-in-1 Running Shorts | 9 inch | Liner | Navy,LIGHT AND QUICK: Lightweight fabric for fast miles. ZIP POCKET: Holds keys and a phone securely. REFLECTIVE: Details for early morning runs. DRIES FAST: Wicks sweat away. FIELD TESTED: Put through a season of real use before launch.,Sports & Outdoors › Clothing › Men › Shorts › Running Shorts,Northvale,17.99,4.6,5672,8596,[],
NB-00538,Summitra Men's Lightweight Gym Shorts | 5 inch | Zip Pocket | Navy,BUILT-IN LINER: Supportive and chafe-free. LIGHT AND QUICK: Lightweight fabric for fast miles. REFLECTIVE: Details for early morning runs. DRIES FAST: Wicks sweat away. ACTIVE GUARANTEE: Covered against defects for a full year.,Sports & Outdoors › Clothing › Men › Shorts › Running Shorts,Summitra,17.99,4.3,10447,7409,[],
NB-00539,Summitra Men's Running Shorts | 5 inch | Zip Pocket | Navy,DRIES FAST: Wicks sweat away. BUILT-IN LINER: Supportive and chafe-free. REFLECTIVE: Details for early morning runs. ZIP POCKET: Holds keys and a phone securely. ACTIVE GUARANTEE: Covered against defects for a full year.,Sports & Outdoors › Clothing › Men › Shorts › Running Shorts,Summitra,31.99,4.2,2338,7819,[],
NB-00540,Summitra Men's 2-in-1 Running Shorts | 5 inch | Liner | Black,"REFLECTIVE: Details for early morning runs. ZIP POCKET: Holds keys and a phone securely. DRIES FAST: Wicks sweat away. BUILT-IN LINER: Supportive and chafe-free. PACKS SMALL: Easy to carry to the park, trail or gym.",Sports & Outdoors › Clothing › Men › Shorts › Running Shorts,Summitra,30.99,4.4,2611,8115,[],
NB-00541,Ironquill Cup Style Dust Masks | 50-Pack | Individually Wrapped | Soft Ear Loops,"BREATHABLE: Easy breathing during long tasks. BULK PACK: Plenty for the garage and workshop. FOR DUSTY JOBS: Sanding, sweeping and yard work. COMFORT FIT: An adjustable nose clip and soft straps. BACKED BY US: One-year warranty against defects.",Tools & Home Improvement › Safety & Security › Personal Protective Equipment › Masks & Respirators › Disposable Cup Dust Safety Masks,Ironquill,16.99,4.3,45,7467,[],
NB-00542,Ironquill Disposable Dust Masks | 50-Pack | Valved | Adjustable Nose Clip,"COMFORT FIT: An adjustable nose clip and soft straps. FOR DUSTY JOBS: Sanding, sweeping and yard work. BREATHABLE: Easy breathing during long tasks. BULK PACK: Plenty for the garage and workshop. PRO GRADE: Built for daily use on job sites and at home.",Tools & Home Improvement › Safety & Security › Personal Protective Equipment › Masks & Respirators › Disposable Cup Dust Safety Masks,Ironquill,25.99,4.5,5840,8090,[],
NB-00543,Stoutmere Individually Wrapped Face Masks | 50-Pack | Valved | Soft Ear Loops,"BREATHABLE: Easy breathing during long tasks. COMFORT FIT: An adjustable nose clip and soft straps. FOR DUSTY JOBS: Sanding, sweeping and yard work. BULK PACK: Plenty for the garage and workshop. CLEAR INSTRUCTIONS: Step-by-step guide included.",Tools & Home Improvement › Safety & Security › Personal Protective Equipment › Masks & Respirators › Disposable Cup Dust Safety Masks,Stoutmere,26.99,4.7,2062,7358,[],
NB-00544,Stoutmere Cup Style Dust Masks | 20-Pack | Valved | Adjustable Nose Clip,"BULK PACK: Plenty for the garage and workshop. COMFORT FIT: An adjustable nose clip and soft straps. FOR DUSTY JOBS: Sanding, sweeping and yard work. BREATHABLE: Easy breathing during long tasks. BACKED BY US: One-year warranty against defects.",Tools & Home Improvement › Safety & Security › Personal Protective Equipment › Masks & Respirators › Disposable Cup Dust Safety Masks,Stoutmere,18.99,4.4,1615,8572,[],
NB-00545,Stoutmere Disposable Dust Masks | 20-Pack | Valved | Soft Ear Loops,"FOR DUSTY JOBS: Sanding, sweeping and yard work. INDIVIDUALLY WRAPPED: Each disposable face mask comes in its own sealed pouch. BULK PACK: Plenty for the garage and workshop. COMFORT FIT: An adjustable nose clip and soft straps. CLEAR INSTRUCTIONS: Step-by-step guide included.",Tools & Home Improvement › Safety & Security › Personal Protective Equipment › Masks & Respirators › Disposable Cup Dust Safety Masks,Stoutmere,13.99,4.4,251,8024,[],
NB-00546,Stoutmere Work Gloves | X-Large | 3 Pairs | Nitrile Coated,MULTIPACK: Keep spares in the truck. TOUCHSCREEN: Use a phone without taking them off. PROTECTION: Guards against cuts and scrapes. GRIP: Coated palms hold tools and lumber. BACKED BY US: One-year warranty against defects.,Tools & Home Improvement › Safety & Security › Personal Protective Equipment › Work Gloves,Stoutmere,18.99,4.3,824,7637,[],
NB-00547,Stoutmere Cut Resistant Gloves | X-Large | 6 Pairs | Nitrile Coated,GRIP: Coated palms hold tools and lumber. MULTIPACK: Keep spares in the truck. TOUCHSCREEN: Use a phone without taking them off. PROTECTION: Guards against cuts and scrapes. PRO GRADE: Built for daily use on job sites and at home.,Tools & Home Improvement › Safety & Security › Personal Protective Equipment › Work Gloves,Stoutmere,20.99,4.4,5077,7783,[],
NB-00548,Forgewell Leather Work Gloves | X-Large | 1 Pair | Touchscreen Tips,PROTECTION: Guards against cuts and scrapes. BREATHABLE: Knit backs keep hands cool. GRIP: Coated palms hold tools and lumber. MULTIPACK: Keep spares in the truck. BACKED BY US: One-year warranty against defects.,Tools & Home Improvement › Safety & Security › Personal Protective Equipment › Work Gloves,Forgewell,14.99,4.3,23120,7641,[],
NB-00549,Ironquill Work Gloves | Medium | 3 Pairs | Touchscreen Tips,GRIP: Coated palms hold tools and lumber. MULTIPACK: Keep spares in the truck. BREATHABLE: Knit backs keep hands cool. PROTECTION: Guards against cuts and scrapes. PRO GRADE: Built for daily use on job sites and at home.,Tools & Home Improvement › Safety & Security › Personal Protective Equipment › Work Gloves,Ironquill,23.99,4.4,220,7372,[],
NB-00550,Ironquill Cut Resistant Gloves | Medium | 1 Pair | Touchscreen Tips,TOUCHSCREEN: Use a phone without taking them off. PROTECTION: Guards against cuts and scrapes. BREATHABLE: Knit backs keep hands cool. GRIP: Coated palms hold tools and lumber. BACKED BY US: One-year warranty against defects.,Tools & Home Improvement › Safety & Security › Personal Protective Equipment › Work Gloves,Ironquill,16.99,4.7,1903,8107,[],
NB-00551,Forgewell Leather Work Gloves | Medium | 3 Pairs | Touchscreen Tips,BREATHABLE: Knit backs keep hands cool. MULTIPACK: Keep spares in the truck. PROTECTION: Guards against cuts and scrapes. TOUCHSCREEN: Use a phone without taking them off. BACKED BY US: One-year warranty against defects.,Tools & Home Improvement › Safety & Security › Personal Protective Equipment › Work Gloves,Forgewell,14.99,4.9,1542,8517,[],
NB-00552,Tallgrain Dimmable LED Bulbs | 40W Equivalent | Soft White 2700K | 12-Pack,LONG LIFE: Rated for years of normal use. STANDARD BASE: Fits common lamps and fixtures. SAVE ENERGY: Uses a fraction of the power of old bulbs. INSTANT ON: Full brightness right away. BACKED BY US: One-year warranty against defects.,Tools & Home Improvement › Light Bulbs › LED Bulbs,Tallgrain,17.99,4.6,1175,8140,[],
NB-00553,Brackenworks Edison Style LED Bulbs | 40W Equivalent | Daylight 5000K | 4-Pack,DIMMABLE: Smooth dimming with most dimmers. LONG LIFE: Rated for years of normal use. SAVE ENERGY: Uses a fraction of the power of old bulbs. STANDARD BASE: Fits common lamps and fixtures. CLEAR INSTRUCTIONS: Step-by-step guide included.,Tools & Home Improvement › Light Bulbs › LED Bulbs,Brackenworks,20.99,4.1,67,7473,[],
NB-00554,Tallgrain LED Light Bulbs | 40W Equivalent | Soft White 2700K | 4-Pack,LONG LIFE: Rated for years of normal use. SAVE ENERGY: Uses a fraction of the power of old bulbs. STANDARD BASE: Fits common lamps and fixtures. DIMMABLE: Smooth dimming with most dimmers. CLEAR INSTRUCTIONS: Step-by-step guide included.,Tools & Home Improvement › Light Bulbs › LED Bulbs,Tallgrain,12.99,4.2,175,8261,[],
NB-00555,Tallgrain Dimmable LED Bulbs | 60W Equivalent | Daylight 5000K | 6-Pack,INSTANT ON: Full brightness right away. SAVE ENERGY: Uses a fraction of the power of old bulbs. DIMMABLE: Smooth dimming with most dimmers. LONG LIFE: Rated for years of normal use. PRO GRADE: Built for daily use on job sites and at home.,Tools & Home Improvement › Light Bulbs › LED Bulbs,Tallgrain,18.99,4.2,18418,7794,[],
NB-00556,Holdfast Tools Edison Style LED Bulbs | 60W Equivalent | Soft White 2700K | 6-Pack,LONG LIFE: Rated for years of normal use. INSTANT ON: Full brightness right away. STANDARD BASE: Fits common lamps and fixtures. SAVE ENERGY: Uses a fraction of the power of old bulbs. PRO GRADE: Built for daily use on job sites and at home.,Tools & Home Improvement › Light Bulbs › LED Bulbs,Holdfast Tools,15.99,4.3,588,8258,[],
NB-00557,Tallgrain LED Light Bulbs | 60W Equivalent | Daylight 5000K | 6-Pack,INSTANT ON: Full brightness right away. DIMMABLE: Smooth dimming with most dimmers. LONG LIFE: Rated for years of normal use. SAVE ENERGY: Uses a fraction of the power of old bulbs. CLEAR INSTRUCTIONS: Step-by-step guide included.,Tools & Home Improvement › Light Bulbs › LED Bulbs,Tallgrain,24.99,4.3,720,7838,[],
NB-00558,Holdfast Tools Dimmable LED Bulbs | 100W Equivalent | Daylight 5000K | 6-Pack,DIMMABLE: Smooth dimming with most dimmers. STANDARD BASE: Fits common lamps and fixtures. SAVE ENERGY: Uses a fraction of the power of old bulbs. INSTANT ON: Full brightness right away. CLEAR INSTRUCTIONS: Step-by-step guide included.,Tools & Home Improvement › Light Bulbs › LED Bulbs,Holdfast Tools,21.99,4.5,141,8233,[],
NB-00559,Emberline Drum Flush Mount Light | 12 inch | Dimmable | Matte Black,LOW PROFILE: Sits flush for low ceilings. LONG LIFE LED: No bulbs to replace. CHOOSE YOUR WHITE: Switch between warm and daylight. EASY INSTALL: Mounting hardware included. PRO GRADE: Built for daily use on job sites and at home.,Tools & Home Improvement › Lighting & Ceiling Fans › Ceiling Lights › Flush Mount Ceiling Lights,Emberline,60.99,4.3,209,8603,[],
NB-00560,Emberline LED Flush Mount Ceiling Light | 12 inch | Dimmable | Matte Black,LONG LIFE LED: No bulbs to replace. CHOOSE YOUR WHITE: Switch between warm and daylight. BRIGHT: Evenly lights bedrooms and hallways. LOW PROFILE: Sits flush for low ceilings. BACKED BY US: One-year warranty against defects.,Tools & Home Improvement › Lighting & Ceiling Fans › Ceiling Lights › Flush Mount Ceiling Lights,Emberline,61.99,4.6,3281,7968,[],
NB-00561,Pivotcraft Modern Ceiling Light Fixture | 12 inch | 3 Color Temperatures | Matte Black,EASY INSTALL: Mounting hardware included. CHOOSE YOUR WHITE: Switch between warm and daylight. LOW PROFILE: Sits flush for low ceilings. BRIGHT: Evenly lights bedrooms and hallways. BACKED BY US: One-year warranty against defects.,Tools & Home Improvement › Lighting & Ceiling Fans › Ceiling Lights › Flush Mount Ceiling Lights,Pivotcraft,38.99,4.8,47552,7823,[],
NB-00562,Forgewell Drum Flush Mount Light | 15 inch | Dimmable | Brushed Nickel,EASY INSTALL: Mounting hardware included. LONG LIFE LED: No bulbs to replace. BRIGHT: Evenly lights bedrooms and hallways. CHOOSE YOUR WHITE: Switch between warm and daylight. PRO GRADE: Built for daily use on job sites and at home.,Tools & Home Improvement › Lighting & Ceiling Fans › Ceiling Lights › Flush Mount Ceiling Lights,Forgewell,56.99,4.1,10927,7377,[],
NB-00563,Forgewell LED Flush Mount Ceiling Light | 15 inch | Dimmable | Brushed Nickel,EASY INSTALL: Mounting hardware included. LONG LIFE LED: No bulbs to replace. LOW PROFILE: Sits flush for low ceilings. CHOOSE YOUR WHITE: Switch between warm and daylight. PRO GRADE: Built for daily use on job sites and at home.,Tools & Home Improvement › Lighting & Ceiling Fans › Ceiling Lights › Flush Mount Ceiling Lights,Forgewell,50.99,4.5,12680,7437,[],
NB-00564,Pivotcraft Modern Ceiling Light Fixture | 15 inch | Dimmable | Brushed Nickel,EASY INSTALL: Mounting hardware included. LOW PROFILE: Sits flush for low ceilings. BRIGHT: Evenly lights bedrooms and hallways. CHOOSE YOUR WHITE: Switch between warm and daylight. CLEAR INSTRUCTIONS: Step-by-step guide included.,Tools & Home Improvement › Lighting & Ceiling Fans › Ceiling Lights › Flush Mount Ceiling Lights,Pivotcraft,38.99,4.1,1960,7592,[],
NB-00565,Pivotcraft Dusk to Dawn Night Light | 2-Pack | Warm White | Dusk to Dawn Sensor,LOW ENERGY: Costs pennies a year. STICK ANYWHERE: Magnetic mounts for stairs and closets. SOFT GLOW: Gentle light for hallways and nurseries. SLIM: Leaves the other outlet free. BACKED BY US: One-year warranty against defects.,Tools & Home Improvement › Lighting & Ceiling Fans › Night Lights,Pivotcraft,20.99,4.4,31004,7932,[],
NB-00566,Forgewell Plug In Night Light | 2-Pack | Warm White | Motion Sensor,AUTOMATIC: Turns on in the dark. SLIM: Leaves the other outlet free. SOFT GLOW: Gentle light for hallways and nurseries. STICK ANYWHERE: Magnetic mounts for stairs and closets. CLEAR INSTRUCTIONS: Step-by-step guide included.,Tools & Home Improvement › Lighting & Ceiling Fans › Night Lights,Forgewell,14.99,4.3,131,8209,[],
NB-00567,Pivotcraft Motion Sensor Night Light | 2-Pack | Warm White | Motion Sensor,LOW ENERGY: Costs pennies a year. SLIM: Leaves the other outlet free. SOFT GLOW: Gentle light for hallways and nurseries. STICK ANYWHERE: Magnetic mounts for stairs and closets. PRO GRADE: Built for daily use on job sites and at home.,Tools & Home Improvement › Lighting & Ceiling Fans › Night Lights,Pivotcraft,17.99,4.7,12199,7955,[],
NB-00568,Forgewell Dusk to Dawn Night Light | 4-Pack | Warm White | Motion Sensor,AUTOMATIC: Turns on in the dark. LOW ENERGY: Costs pennies a year. SLIM: Leaves the other outlet free. STICK ANYWHERE: Magnetic mounts for stairs and closets. PRO GRADE: Built for daily use on job sites and at home.,Tools & Home Improvement › Lighting & Ceiling Fans › Night Lights,Forgewell,21.99,4.1,2365,7774,[],
NB-00569,Forgewell Plug In Night Light | 4-Pack | Color Changing | Motion Sensor,AUTOMATIC: Turns on in the dark. SOFT GLOW: Gentle light for hallways and nurseries. STICK ANYWHERE: Magnetic mounts for stairs and closets. LOW ENERGY: Costs pennies a year. PRO GRADE: Built for daily use on job sites and at home.,Tools & Home Improvement › Lighting & Ceiling Fans › Night Lights,Forgewell,20.99,4.6,939,7655,[],
NB-00570,Stoutmere Precision Screwdriver Set | 12-Piece | Storage Case | Soft Grip,"HARD STEEL: Bits resist stripping. EVERY BIT: Phillips, flat, Torx and hex bits in one kit. FOR ELECTRONICS: Precision bits open phones and laptops. ORGANIZED: A labeled case keeps bits in order. PRO GRADE: Built for daily use on job sites and at home.",Tools & Home Improvement › Power & Hand Tools › Hand Tools › Screwdrivers & Nut Drivers › Screwdriver Sets,Stoutmere,39.99,4.7,572,7503,[],
NB-00571,Stoutmere Magnetic Screwdriver Set | 12-Piece | Storage Case | Soft Grip,"HARD STEEL: Bits resist stripping. ORGANIZED: A labeled case keeps bits in order. FOR ELECTRONICS: Precision bits open phones and laptops. EVERY BIT: Phillips, flat, Torx and hex bits in one kit. PRO GRADE: Built for daily use on job sites and at home.",Tools & Home Improvement › Power & Hand Tools › Hand Tools › Screwdrivers & Nut Drivers › Screwdriver Sets,Stoutmere,23.99,4.6,2532,7440,[],
NB-00572,Ironquill Ratcheting Screwdriver | 12-Piece | Magnetic Tips | S2 Steel Bits,FOR ELECTRONICS: Precision bits open phones and laptops. ORGANIZED: A labeled case keeps bits in order. HARD STEEL: Bits resist stripping. MAGNETIC: Tips hold screws in place. CLEAR INSTRUCTIONS: Step-by-step guide included.,Tools & Home Improvement › Power & Hand Tools › Hand Tools › Screwdrivers & Nut Drivers › Screwdriver Sets,Ironquill,35.99,4.4,622,7560,[],
NB-00573,Brackenworks Precision Screwdriver Set | 32-Piece | Storage Case | S2 Steel Bits,"EVERY BIT: Phillips, flat, Torx and hex bits in one kit. HARD STEEL: Bits resist stripping. MAGNETIC: Tips hold screws in place. FOR ELECTRONICS: Precision bits open phones and laptops. PRO GRADE: Built for daily use on job sites and at home.",Tools & Home Improvement › Power & Hand Tools › Hand Tools › Screwdrivers & Nut Drivers › Screwdriver Sets,Brackenworks,20.99,4.5,987,7679,[],
NB-00574,Ironquill Magnetic Screwdriver Set | 32-Piece | Storage Case | S2 Steel Bits,"EVERY BIT: Phillips, flat, Torx and hex bits in one kit. FOR ELECTRONICS: Precision bits open phones and laptops. ORGANIZED: A labeled case keeps bits in order. MAGNETIC: Tips hold screws in place. PRO GRADE: Built for daily use on job sites and at home.",Tools & Home Improvement › Power & Hand Tools › Hand Tools › Screwdrivers & Nut Drivers › Screwdriver Sets,Ironquill,17.99,4.4,148,8610,[],
NB-00575,Brackenworks Ratcheting Screwdriver | 32-Piece | Storage Case | S2 Steel Bits,"HARD STEEL: Bits resist stripping. MAGNETIC: Tips hold screws in place. FOR ELECTRONICS: Precision bits open phones and laptops. EVERY BIT: Phillips, flat, Torx and hex bits in one kit. BACKED BY US: One-year warranty against defects.",Tools & Home Improvement › Power & Hand Tools › Hand Tools › Screwdrivers & Nut Drivers › Screwdriver Sets,Brackenworks,39.99,4.2,83,8292,[],
NB-00576,Ironquill Cordless Drill Driver | 20V | 2 Batteries | LED Work Light,"KIT READY: Charger, bits and a case included. TWO SPEEDS: Low for driving, high for drilling. POWERFUL: Drives screws into studs and hardwood. LIGHTWEIGHT: Comfortable overhead. CLEAR INSTRUCTIONS: Step-by-step guide included.",Tools & Home Improvement › Power & Hand Tools › Power Tools › Drills › Cordless Drills,Ironquill,107.99,4.8,3491,7645,[],
NB-00577,Ironquill 20V Cordless Drill Kit | 20V | 2 Batteries | LED Work Light,"LIGHTWEIGHT: Comfortable overhead. KIT READY: Charger, bits and a case included. FAST CHARGE: Batteries recharge in about an hour. POWERFUL: Drives screws into studs and hardwood. CLEAR INSTRUCTIONS: Step-by-step guide included.",Tools & Home Improvement › Power & Hand Tools › Power Tools › Drills › Cordless Drills,Ironquill,73.99,4.4,1799,8252,[],
NB-00578,Ironquill Compact Cordless Drill | 20V | 2 Batteries | Bit Set Included,"KIT READY: Charger, bits and a case included. POWERFUL: Drives screws into studs and hardwood. TWO SPEEDS: Low for driving, high for drilling. LIGHTWEIGHT: Comfortable overhead. PRO GRADE: Built for daily use on job sites and at home.",Tools & Home Improvement › Power & Hand Tools › Power Tools › Drills › Cordless Drills,Ironquill,125.99,4.7,6113,7898,[],
NB-00579,Brackenworks Cordless Drill Driver | 12V | 1 Battery | Bit Set Included,"TWO SPEEDS: Low for driving, high for drilling. LIGHTWEIGHT: Comfortable overhead. KIT READY: Charger, bits and a case included. POWERFUL: Drives screws into studs and hardwood. CLEAR INSTRUCTIONS: Step-by-step guide included.",Tools & Home Improvement › Power & Hand Tools › Power Tools › Drills › Cordless Drills,Brackenworks,128.99,4.7,232,7755,[],
NB-00580,Ironquill 20V Cordless Drill Kit | 12V | 1 Battery | Bit Set Included,"POWERFUL: Drives screws into studs and hardwood. KIT READY: Charger, bits and a case included. LIGHTWEIGHT: Comfortable overhead. FAST CHARGE: Batteries recharge in about an hour. CLEAR INSTRUCTIONS: Step-by-step guide included.",Tools & Home Improvement › Power & Hand Tools › Power Tools › Drills › Cordless Drills,Ironquill,110.99,4.5,1949,7864,[],
NB-00581,Holdfast Tools Digital Tape Measure | 16 ft | Magnetic Hook | Metric and Inch,EASY READ: Bold markings on both sides. MAGNETIC HOOK: Grabs steel studs. LONG STANDOUT: Reaches far without bending. TOUGH CASE: Survives drops from a ladder. CLEAR INSTRUCTIONS: Step-by-step guide included.,Tools & Home Improvement › Measuring & Layout Tools › Tape Measures,Holdfast Tools,22.99,4.7,250,8011,[],
NB-00582,Holdfast Tools 25 ft Tape Measure | 16 ft | Belt Clip | Metric and Inch,MAGNETIC HOOK: Grabs steel studs. TOUGH CASE: Survives drops from a ladder. AUTO LOCK: Holds the blade in place. LONG STANDOUT: Reaches far without bending. PRO GRADE: Built for daily use on job sites and at home.,Tools & Home Improvement › Measuring & Layout Tools › Tape Measures,Holdfast Tools,23.99,4.2,287,7513,[],
NB-00583,Emberline Magnetic Tape Measure | 16 ft | Belt Clip | Metric and Inch,LONG STANDOUT: Reaches far without bending. AUTO LOCK: Holds the blade in place. MAGNETIC HOOK: Grabs steel studs. EASY READ: Bold markings on both sides. PRO GRADE: Built for daily use on job sites and at home.,Tools & Home Improvement › Measuring & Layout Tools › Tape Measures,Emberline,10.99,4.1,3584,7622,[],
NB-00584,Tallgrain Digital Tape Measure | 35 ft | Belt Clip | Fractional Markings,EASY READ: Bold markings on both sides. AUTO LOCK: Holds the blade in place. MAGNETIC HOOK: Grabs steel studs. TOUGH CASE: Survives drops from a ladder. BACKED BY US: One-year warranty against defects.,Tools & Home Improvement › Measuring & Layout Tools › Tape Measures,Tallgrain,22.99,4.2,580,7710,[],
NB-00585,Holdfast Tools 25 ft Tape Measure | 35 ft | Belt Clip | Metric and Inch,TOUGH CASE: Survives drops from a ladder. LONG STANDOUT: Reaches far without bending. EASY READ: Bold markings on both sides. AUTO LOCK: Holds the blade in place. BACKED BY US: One-year warranty against defects.,Tools & Home Improvement › Measuring & Layout Tools › Tape Measures,Holdfast Tools,14.99,4.6,1280,8014,[],
NB-00586,Stoutmere Door and Window Alarm | 4-Pack | Chime Mode | Wireless,NO WIRING: Batteries included. PEEL AND STICK: Installs in seconds. CHIME MODE: A gentle chime when kids go outside. LOUD ALERT: A loud alarm sounds when a door opens. PRO GRADE: Built for daily use on job sites and at home.,Tools & Home Improvement › Safety & Security › Home Security › Door & Window Alarms,Stoutmere,30.99,4.5,24725,8634,[],
NB-00587,Stoutmere Magnetic Entry Alarm | 4-Pack | Chime Mode | Wireless,"PEACE OF MIND: Protects doors, windows and cabinets. LOUD ALERT: A loud alarm sounds when a door opens. NO WIRING: Batteries included. CHIME MODE: A gentle chime when kids go outside. CLEAR INSTRUCTIONS: Step-by-step guide included.",Tools & Home Improvement › Safety & Security › Home Security › Door & Window Alarms,Stoutmere,15.99,4.2,7864,8615,[],
NB-00588,Stoutmere Pool Door Alarm | 4-Pack | Loud Alarm | Wireless,"CHIME MODE: A gentle chime when kids go outside. LOUD ALERT: A loud alarm sounds when a door opens. PEEL AND STICK: Installs in seconds. PEACE OF MIND: Protects doors, windows and cabinets. PRO GRADE: Built for daily use on job sites and at home.",Tools & Home Improvement › Safety & Security › Home Security › Door & Window Alarms,Stoutmere,30.99,4.5,103,8439,[],
NB-00589,Forgewell Door and Window Alarm | 8-Pack | Loud Alarm | Batteries Included,CHIME MODE: A gentle chime when kids go outside. LOUD ALERT: A loud alarm sounds when a door opens. NO WIRING: Batteries included. PEEL AND STICK: Installs in seconds. CLEAR INSTRUCTIONS: Step-by-step guide included.,Tools & Home Improvement › Safety & Security › Home Security › Door & Window Alarms,Forgewell,17.99,4.2,6912,8474,[],
NB-00590,Forgewell Magnetic Entry Alarm | 8-Pack | Loud Alarm | Batteries Included,"CHIME MODE: A gentle chime when kids go outside. LOUD ALERT: A loud alarm sounds when a door opens. PEACE OF MIND: Protects doors, windows and cabinets. PEEL AND STICK: Installs in seconds. BACKED BY US: One-year warranty against defects.",Tools & Home Improvement › Safety & Security › Home Security › Door & Window Alarms,Forgewell,29.99,4.8,626,7582,[],
NB-00591,Stoutmere Heavy Duty Adhesive Hooks | 20-Pack | Holds 13 lb | Waterproof,"WATERPROOF: Works in bathrooms and kitchens. STRONG HOLD: Hangs towels, keys and bags. NO DRILLING: Stick hooks on tile, glass and painted walls. CLEAN LOOK: Minimal design. BACKED BY US: One-year warranty against defects.",Tools & Home Improvement › Hardware › Hooks › Adhesive Hooks,Stoutmere,13.99,4.4,16212,8087,[],
NB-00592,Forgewell Clear Wall Hooks | 20-Pack | Holds 13 lb | Waterproof,"NO DRILLING: Stick hooks on tile, glass and painted walls. CLEAN LOOK: Minimal design. STRONG HOLD: Hangs towels, keys and bags. WATERPROOF: Works in bathrooms and kitchens. BACKED BY US: One-year warranty against defects.",Tools & Home Improvement › Hardware › Hooks › Adhesive Hooks,Forgewell,15.99,4.7,1148,7775,[],
NB-00593,Pivotcraft Stainless Adhesive Hooks | 20-Pack | Holds 22 lb | Removable,"REMOVABLE: Comes off without damage when you move. CLEAN LOOK: Minimal design. WATERPROOF: Works in bathrooms and kitchens. STRONG HOLD: Hangs towels, keys and bags. BACKED BY US: One-year warranty against defects.",Tools & Home Improvement › Hardware › Hooks › Adhesive Hooks,Pivotcraft,13.99,4.5,4812,8277,[],
NB-00594,Stoutmere Heavy Duty Adhesive Hooks | 6-Pack | Holds 22 lb | Removable,"STRONG HOLD: Hangs towels, keys and bags. CLEAN LOOK: Minimal design. NO DRILLING: Stick hooks on tile, glass and painted walls. REMOVABLE: Comes off without damage when you move. PRO GRADE: Built for daily use on job sites and at home.",Tools & Home Improvement › Hardware › Hooks › Adhesive Hooks,Stoutmere,11.99,4.4,1623,8202,[],
NB-00595,Stoutmere Clear Wall Hooks | 6-Pack | Holds 22 lb | Removable,"STRONG HOLD: Hangs towels, keys and bags. WATERPROOF: Works in bathrooms and kitchens. CLEAN LOOK: Minimal design. NO DRILLING: Stick hooks on tile, glass and painted walls. BACKED BY US: One-year warranty against defects.",Tools & Home Improvement › Hardware › Hooks › Adhesive Hooks,Stoutmere,8.99,4.7,346,8209,[],
NB-00596,Brackenworks USB Power Strip | 12 Outlets | USB-C Port | 6 ft Cord,MOUNTABLE: Keyhole slots for the wall or desk. FLAT PLUG: Fits behind furniture. WIDE SPACING: Room for bulky adapters. USB CHARGING: Charge phones without adapters. PRO GRADE: Built for daily use on job sites and at home.,Tools & Home Improvement › Electrical › Power Strips & Surge Protectors,Brackenworks,23.99,4.5,1355,7386,[],
NB-00597,Brackenworks Surge Protector Power Strip | 12 Outlets | USB-C Port | 6 ft Cord,USB CHARGING: Charge phones without adapters. WIDE SPACING: Room for bulky adapters. SURGE PROTECTION: Guards electronics from power spikes. FLAT PLUG: Fits behind furniture. BACKED BY US: One-year warranty against defects.,Tools & Home Improvement › Electrical › Power Strips & Surge Protectors,Brackenworks,31.99,4.7,161,8372,[],
NB-00598,Brackenworks Flat Plug Power Strip | 12 Outlets | USB-C Port | 6 ft Cord,WIDE SPACING: Room for bulky adapters. MOUNTABLE: Keyhole slots for the wall or desk. SURGE PROTECTION: Guards electronics from power spikes. FLAT PLUG: Fits behind furniture. BACKED BY US: One-year warranty against defects.,Tools & Home Improvement › Electrical › Power Strips & Surge Protectors,Brackenworks,25.99,4.0,54396,7907,[],
NB-00599,Ironquill USB Power Strip | 8 Outlets | 3 USB Ports | 10 ft Cord,SURGE PROTECTION: Guards electronics from power spikes. FLAT PLUG: Fits behind furniture. WIDE SPACING: Room for bulky adapters. USB CHARGING: Charge phones without adapters. BACKED BY US: One-year warranty against defects.,Tools & Home Improvement › Electrical › Power Strips & Surge Protectors,Ironquill,31.99,4.4,103,8643,[],
NB-00600,Ironquill Surge Protector Power Strip | 8 Outlets | 3 USB Ports | 6 ft Cord,MOUNTABLE: Keyhole slots for the wall or desk. USB CHARGING: Charge phones without adapters. FLAT PLUG: Fits behind furniture. SURGE PROTECTION: Guards electronics from power spikes. PRO GRADE: Built for daily use on job sites and at home.,Tools & Home Improvement › Electrical › Power Strips & Surge Protectors,Ironquill,24.99,4.6,98,8349,[],
NB-00601,Crafthollow Diamond Art Kit | 16 x 20 in | Sunflower Field | Framed Canvas,"EVERYTHING INCLUDED: Canvas, paints or diamonds, brushes and tools. NUMBERED CANVAS: Clear printed numbers make it easy to follow. RELAXING PROJECT: A calming evening activity for adults. WALL READY: Frame it or hang it when finished. MAKER SUPPORT: Ideas and how-to sheets included.","Arts, Crafts & Sewing › Painting, Drawing & Art Supplies › Painting › Paint-By-Number Kits › Adults' Paint-By-Number Kits",Crafthollow,19.99,4.5,585,8097,[],
NB-00602,Brushwick Adult Paint by Numbers Kit | 16 x 20 in | Starry Harbor | Framed Canvas,"DIAMOND ART: Place sparkling resin diamonds by number for a shimmering picture. RELAXING PROJECT: A calming evening activity for adults. NUMBERED CANVAS: Clear printed numbers make it easy to follow. EVERYTHING INCLUDED: Canvas, paints or diamonds, brushes and tools. NON-TOXIC: Conforms to common safety standards for art materials.","Arts, Crafts & Sewing › Painting, Drawing & Art Supplies › Painting › Paint-By-Number Kits › Adults' Paint-By-Number Kits",Brushwick,15.99,4.2,142,7823,[],
NB-00603,Loomhart Adult Diamond Painting Kit | 16 x 20 in | Mountain Lake | Framed Canvas,"WALL READY: Frame it or hang it when finished. DIAMOND ART: Place sparkling resin diamonds by number for a shimmering picture. RELAXING PROJECT: A calming evening activity for adults. EVERYTHING INCLUDED: Canvas, paints or diamonds, brushes and tools. MAKER SUPPORT: Ideas and how-to sheets included.","Arts, Crafts & Sewing › Painting, Drawing & Art Supplies › Painting › Paint-By-Number Kits › Adults' Paint-By-Number Kits",Loomhart,23.99,4.3,4941,8550,[],
NB-00604,Loomhart Diamond Art Kit | 12 x 16 in | Coastal Village | Framed Canvas,"DIAMOND ART: Place sparkling resin diamonds by number for a shimmering picture. WALL READY: Frame it or hang it when finished. EVERYTHING INCLUDED: Canvas, paints or diamonds, brushes and tools. NUMBERED CANVAS: Clear printed numbers make it easy to follow. CREATIVE GIFT: A thoughtful gift for crafters of every age.","Arts, Crafts & Sewing › Painting, Drawing & Art Supplies › Painting › Paint-By-Number Kits › Adults' Paint-By-Number Kits",Loomhart,19.99,4.3,81,7779,[],
NB-00605,Loomhart Adult Paint by Numbers Kit | 12 x 16 in | Mountain Lake | Framed Canvas,"RELAXING PROJECT: A calming evening activity for adults. DIAMOND ART: Place sparkling resin diamonds by number for a shimmering picture. EVERYTHING INCLUDED: Canvas, paints or diamonds, brushes and tools. WALL READY: Frame it or hang it when finished. CREATIVE GIFT: A thoughtful gift for crafters of every age.","Arts, Crafts & Sewing › Painting, Drawing & Art Supplies › Painting › Paint-By-Number Kits › Adults' Paint-By-Number Kits",Loomhart,16.99,4.4,199,8622,[],
NB-00606,Brushwick Adult Diamond Painting Kit | 12 x 16 in | Mountain Lake | Framed Canvas,"DIAMOND ART: Place sparkling resin diamonds by number for a shimmering picture. NUMBERED CANVAS: Clear printed numbers make it easy to follow. EVERYTHING INCLUDED: Canvas, paints or diamonds, brushes and tools. WALL READY: Frame it or hang it when finished. MAKER SUPPORT: Ideas and how-to sheets included.","Arts, Crafts & Sewing › Painting, Drawing & Art Supplies › Painting › Paint-By-Number Kits › Adults' Paint-By-Number Kits",Brushwick,23.99,4.6,136,8214,[],
NB-00607,Crafthollow Diamond Art Kit | 16 x 20 in | Mountain Lake | Framed Canvas,RELAXING PROJECT: A calming evening activity for adults. WALL READY: Frame it or hang it when finished. DIAMOND ART: Place sparkling resin diamonds by number for a shimmering picture. NUMBERED CANVAS: Clear printed numbers make it easy to follow. MAKER SUPPORT: Ideas and how-to sheets included.,"Arts, Crafts & Sewing › Painting, Drawing & Art Supplies › Painting › Paint-By-Number Kits › Adults' Paint-By-Number Kits",Crafthollow,24.99,4.5,41163,8287,[],
NB-00608,Loomhart Detail Paint Brushes | 10-Piece | Synthetic Bristles | Palette Knife,"CASE INCLUDED: Protects bristles. FINE DETAIL: Tiny tips for miniatures. HOLDS PAINT: Bristles carry color smoothly. FOR EVERY MEDIUM: Acrylic, oil and watercolor. NON-TOXIC: Conforms to common safety standards for art materials.","Arts, Crafts & Sewing › Painting, Drawing & Art Supplies › Painting › Brushes",Loomhart,12.99,4.4,271,7553,[],
NB-00609,Brushwick Watercolor Brush Set | 10-Piece | Round and Flat | Palette Knife,"FOR EVERY MEDIUM: Acrylic, oil and watercolor. FINE DETAIL: Tiny tips for miniatures. STURDY FERRULES: No shedding. HOLDS PAINT: Bristles carry color smoothly. NON-TOXIC: Conforms to common safety standards for art materials.","Arts, Crafts & Sewing › Painting, Drawing & Art Supplies › Painting › Brushes",Brushwick,15.99,4.4,81,7944,[],
NB-00610,Brushwick Paint Brush Set | 10-Piece | Round and Flat | Palette Knife,"CASE INCLUDED: Protects bristles. FINE DETAIL: Tiny tips for miniatures. FOR EVERY MEDIUM: Acrylic, oil and watercolor. STURDY FERRULES: No shedding. CREATIVE GIFT: A thoughtful gift for crafters of every age.","Arts, Crafts & Sewing › Painting, Drawing & Art Supplies › Painting › Brushes",Brushwick,11.99,4.5,447,8435,[],
NB-00611,Loomhart Detail Paint Brushes | 24-Piece | Synthetic Bristles | Carry Case,"HOLDS PAINT: Bristles carry color smoothly. FOR EVERY MEDIUM: Acrylic, oil and watercolor. FINE DETAIL: Tiny tips for miniatures. STURDY FERRULES: No shedding. CREATIVE GIFT: A thoughtful gift for crafters of every age.","Arts, Crafts & Sewing › Painting, Drawing & Art Supplies › Painting › Brushes",Loomhart,19.99,4.5,2298,8142,[],
NB-00612,Brushwick Watercolor Brush Set | 24-Piece | Round and Flat | Carry Case,FINE DETAIL: Tiny tips for miniatures. CASE INCLUDED: Protects bristles. STURDY FERRULES: No shedding. HOLDS PAINT: Bristles carry color smoothly. NON-TOXIC: Conforms to common safety standards for art materials.,"Arts, Crafts & Sewing › Painting, Drawing & Art Supplies › Painting › Brushes",Brushwick,16.99,4.1,49096,8198,[],
NB-00613,Brushwick Paint Brush Set | 24-Piece | Round and Flat | Palette Knife,"FOR EVERY MEDIUM: Acrylic, oil and watercolor. FINE DETAIL: Tiny tips for miniatures. HOLDS PAINT: Bristles carry color smoothly. CASE INCLUDED: Protects bristles. NON-TOXIC: Conforms to common safety standards for art materials.","Arts, Crafts & Sewing › Painting, Drawing & Art Supplies › Painting › Brushes",Brushwick,12.99,4.0,513,7381,[],
NB-00614,Brushwick Artist Colored Pencils | 72 Colors | Zip Case | Sharpener Included,RICH COLOR: Soft cores lay down vivid color. FOR COLORING BOOKS: Great for adults and kids. BLENDS WELL: Layer and blend for shading. BREAK RESISTANT: Strong cores survive sharpening. CREATIVE GIFT: A thoughtful gift for crafters of every age.,"Arts, Crafts & Sewing › Painting, Drawing & Art Supplies › Drawing › Colored Pencils",Brushwick,16.99,4.3,68,8195,[],
NB-00615,Brushwick Watercolor Pencils | 72 Colors | Tin Case | Sharpener Included,BLENDS WELL: Layer and blend for shading. BREAK RESISTANT: Strong cores survive sharpening. FOR COLORING BOOKS: Great for adults and kids. RICH COLOR: Soft cores lay down vivid color. CREATIVE GIFT: A thoughtful gift for crafters of every age.,"Arts, Crafts & Sewing › Painting, Drawing & Art Supplies › Drawing › Colored Pencils",Brushwick,25.99,4.6,4180,7375,[],
NB-00616,Brushwick Colored Pencils Set | 72 Colors | Tin Case | Soft Core,ORGANIZED: A case with every color in view. BREAK RESISTANT: Strong cores survive sharpening. BLENDS WELL: Layer and blend for shading. FOR COLORING BOOKS: Great for adults and kids. NON-TOXIC: Conforms to common safety standards for art materials.,"Arts, Crafts & Sewing › Painting, Drawing & Art Supplies › Drawing › Colored Pencils",Brushwick,10.99,4.7,1751,7610,[],
NB-00617,Brushwick Artist Colored Pencils | 48 Colors | Tin Case | Soft Core,BLENDS WELL: Layer and blend for shading. ORGANIZED: A case with every color in view. BREAK RESISTANT: Strong cores survive sharpening. RICH COLOR: Soft cores lay down vivid color. CREATIVE GIFT: A thoughtful gift for crafters of every age.,"Arts, Crafts & Sewing › Painting, Drawing & Art Supplies › Drawing › Colored Pencils",Brushwick,28.99,4.6,22720,8156,[],
NB-00618,Brushwick Watercolor Pencils | 48 Colors | Tin Case | Soft Core,ORGANIZED: A case with every color in view. FOR COLORING BOOKS: Great for adults and kids. RICH COLOR: Soft cores lay down vivid color. BLENDS WELL: Layer and blend for shading. CREATIVE GIFT: A thoughtful gift for crafters of every age.,"Arts, Crafts & Sewing › Painting, Drawing & Art Supplies › Drawing › Colored Pencils",Brushwick,19.99,4.2,6669,7641,[],
NB-00619,Loomhart Colored Pencils Set | 48 Colors | Tin Case | Sharpener Included,BLENDS WELL: Layer and blend for shading. BREAK RESISTANT: Strong cores survive sharpening. ORGANIZED: A case with every color in view. RICH COLOR: Soft cores lay down vivid color. NON-TOXIC: Conforms to common safety standards for art materials.,"Arts, Crafts & Sewing › Painting, Drawing & Art Supplies › Drawing › Colored Pencils",Loomhart,28.99,4.9,710,8234,[],
NB-00620,Stitchmere Glass Seed Beads Kit | 48 Colors | Elastic Cord Included | 6mm,ORGANIZED: A compartment box keeps colors apart. GIFT FOR KIDS: A favorite craft for sleepovers. LETTERS: Spell names and words. MAKE BRACELETS: Everything to make friendship bracelets. NON-TOXIC: Conforms to common safety standards for art materials.,"Arts, Crafts & Sewing › Beading & Jewelry Making › Beads",Stitchmere,20.99,4.0,86,7958,[],
NB-00621,Petalworks Clay Bead Bracelet Kit | 48 Colors | Organizer Box | 4mm,LETTERS: Spell names and words. MAKE BRACELETS: Everything to make friendship bracelets. ORGANIZED: A compartment box keeps colors apart. GIFT FOR KIDS: A favorite craft for sleepovers. CREATIVE GIFT: A thoughtful gift for crafters of every age.,"Arts, Crafts & Sewing › Beading & Jewelry Making › Beads",Petalworks,19.99,4.3,39602,7887,[],
NB-00622,Petalworks Letter Beads Kit | 48 Colors | Elastic Cord Included | 4mm,ORGANIZED: A compartment box keeps colors apart. ELASTIC CORD: Stretchy cord included. MAKE BRACELETS: Everything to make friendship bracelets. GIFT FOR KIDS: A favorite craft for sleepovers. CREATIVE GIFT: A thoughtful gift for crafters of every age.,"Arts, Crafts & Sewing › Beading & Jewelry Making › Beads",Petalworks,24.99,4.4,1940,7831,[],
NB-00623,Stitchmere Glass Seed Beads Kit | 24 Colors | Organizer Box | 4mm,MAKE BRACELETS: Everything to make friendship bracelets. ORGANIZED: A compartment box keeps colors apart. GIFT FOR KIDS: A favorite craft for sleepovers. LETTERS: Spell names and words. CREATIVE GIFT: A thoughtful gift for crafters of every age.,"Arts, Crafts & Sewing › Beading & Jewelry Making › Beads",Stitchmere,14.99,4.6,102,7926,[],
NB-00624,Yarnhaven Clay Bead Bracelet Kit | 24 Colors | Organizer Box | 4mm,LETTERS: Spell names and words. ELASTIC CORD: Stretchy cord included. GIFT FOR KIDS: A favorite craft for sleepovers. ORGANIZED: A compartment box keeps colors apart. MAKER SUPPORT: Ideas and how-to sheets included.,"Arts, Crafts & Sewing › Beading & Jewelry Making › Beads",Yarnhaven,15.99,4.7,58313,8429,[],
NB-00625,Yarnhaven Letter Beads Kit | 24 Colors | Elastic Cord Included | 6mm,ORGANIZED: A compartment box keeps colors apart. MAKE BRACELETS: Everything to make friendship bracelets. LETTERS: Spell names and words. GIFT FOR KIDS: A favorite craft for sleepovers. CREATIVE GIFT: A thoughtful gift for crafters of every age.,"Arts, Crafts & Sewing › Beading & Jewelry Making › Beads",Yarnhaven,13.99,4.4,1028,7746,[],
NB-00626,Petalworks Glass Seed Beads Kit | 48 Colors | Elastic Cord Included | 6mm,LETTERS: Spell names and words. ELASTIC CORD: Stretchy cord included. GIFT FOR KIDS: A favorite craft for sleepovers. ORGANIZED: A compartment box keeps colors apart. MAKER SUPPORT: Ideas and how-to sheets included.,"Arts, Crafts & Sewing › Beading & Jewelry Making › Beads",Petalworks,24.99,4.3,6723,7990,[],
NB-00627,Paperwhim Patterned Folding Paper | 100 Sheets | 3 x 3 in | Patterned,DOUBLE SIDED: Color on both sides. GUIDE INCLUDED: Step-by-step models for beginners. CRISP FOLDS: Thin paper holds sharp creases. MANY COLORS: A rainbow of shades. MAKER SUPPORT: Ideas and how-to sheets included.,"Arts, Crafts & Sewing › Crafting › Paper & Paper Crafts › Origami Paper",Paperwhim,13.99,3.9,105,8439,[],
NB-00628,Colorwell Origami Paper Pack | 100 Sheets | 6 x 6 in | Vivid Colors,GUIDE INCLUDED: Step-by-step models for beginners. MANY COLORS: A rainbow of shades. CLASSROOM PACK: Enough for a whole class. CRISP FOLDS: Thin paper holds sharp creases. NON-TOXIC: Conforms to common safety standards for art materials.,"Arts, Crafts & Sewing › Crafting › Paper & Paper Crafts › Origami Paper",Colorwell,7.99,4.2,55020,7308,[],
NB-00629,Colorwell Double Sided Origami Paper | 100 Sheets | 3 x 3 in | Vivid Colors,DOUBLE SIDED: Color on both sides. GUIDE INCLUDED: Step-by-step models for beginners. MANY COLORS: A rainbow of shades. CRISP FOLDS: Thin paper holds sharp creases. CREATIVE GIFT: A thoughtful gift for crafters of every age.,"Arts, Crafts & Sewing › Crafting › Paper & Paper Crafts › Origami Paper",Colorwell,10.99,4.0,121,7445,[],
NB-00630,Colorwell Patterned Folding Paper | 200 Sheets | 3 x 3 in | Patterned,CRISP FOLDS: Thin paper holds sharp creases. MANY COLORS: A rainbow of shades. CLASSROOM PACK: Enough for a whole class. DOUBLE SIDED: Color on both sides. CREATIVE GIFT: A thoughtful gift for crafters of every age.,"Arts, Crafts & Sewing › Crafting › Paper & Paper Crafts › Origami Paper",Colorwell,9.99,4.3,166,8469,[],
NB-00631,Colorwell Origami Paper Pack | 200 Sheets | 6 x 6 in | Patterned,GUIDE INCLUDED: Step-by-step models for beginners. DOUBLE SIDED: Color on both sides. MANY COLORS: A rainbow of shades. CLASSROOM PACK: Enough for a whole class. NON-TOXIC: Conforms to common safety standards for art materials.,"Arts, Crafts & Sewing › Crafting › Paper & Paper Crafts › Origami Paper",Colorwell,12.99,4.4,163,8640,[],
NB-00632,Crafthollow Cordless Glue Gun | 30 Glue Sticks | Stand Included | 20W,HEATS FAST: Ready to glue in minutes. SAFE STAND: A fold-out stand keeps it upright. PRECISE: A fine nozzle for detailed work. STICKS INCLUDED: A pack of glue sticks in the box. NON-TOXIC: Conforms to common safety standards for art materials.,"Arts, Crafts & Sewing › Crafting › Craft Supplies › Hot Glue Guns",Crafthollow,17.99,4.3,2713,7697,[],
NB-00633,Paperwhim Full Size Glue Gun Kit | 30 Glue Sticks | Stand Included | 20W,"PRECISE: A fine nozzle for detailed work. HEATS FAST: Ready to glue in minutes. FOR CRAFTS AND REPAIRS: Wood, fabric, paper and plastic. SAFE STAND: A fold-out stand keeps it upright. CREATIVE GIFT: A thoughtful gift for crafters of every age.","Arts, Crafts & Sewing › Crafting › Craft Supplies › Hot Glue Guns",Paperwhim,18.99,4.3,401,7442,[],
NB-00634,Paperwhim Mini Hot Glue Gun | 30 Glue Sticks | Fast Heating | 60W,"PRECISE: A fine nozzle for detailed work. FOR CRAFTS AND REPAIRS: Wood, fabric, paper and plastic. SAFE STAND: A fold-out stand keeps it upright. HEATS FAST: Ready to glue in minutes. CREATIVE GIFT: A thoughtful gift for crafters of every age.","Arts, Crafts & Sewing › Crafting › Craft Supplies › Hot Glue Guns",Paperwhim,25.99,4.1,9778,7356,[],
NB-00635,Paperwhim Cordless Glue Gun | 50 Glue Sticks | Fast Heating | 20W,"STICKS INCLUDED: A pack of glue sticks in the box. FOR CRAFTS AND REPAIRS: Wood, fabric, paper and plastic. HEATS FAST: Ready to glue in minutes. PRECISE: A fine nozzle for detailed work. NON-TOXIC: Conforms to common safety standards for art materials.","Arts, Crafts & Sewing › Crafting › Craft Supplies › Hot Glue Guns",Paperwhim,23.99,4.5,5159,8056,[],
NB-00636,Paperwhim Full Size Glue Gun Kit | 50 Glue Sticks | Stand Included | 60W,"SAFE STAND: A fold-out stand keeps it upright. STICKS INCLUDED: A pack of glue sticks in the box. FOR CRAFTS AND REPAIRS: Wood, fabric, paper and plastic. PRECISE: A fine nozzle for detailed work. NON-TOXIC: Conforms to common safety standards for art materials.","Arts, Crafts & Sewing › Crafting › Craft Supplies › Hot Glue Guns",Paperwhim,22.99,4.8,347,8569,[],
NB-00637,Petalworks Deluxe Sewing Supplies Kit | 90 Pieces | Zip Case | 38 Thread Colors,TRAVEL SIZE: Fits a suitcase. GREAT GIFT: For students and new homeowners. QUICK FIXES: Mend seams and sew on buttons. ORGANIZED: A zip case with elastic loops. MAKER SUPPORT: Ideas and how-to sheets included.,"Arts, Crafts & Sewing › Sewing › Sewing Notions & Supplies › Sewing Kits",Petalworks,19.99,3.9,18908,7683,[],
NB-00638,Brushwick Adult Sewing Kit | 90 Pieces | Zip Case | 38 Thread Colors,"QUICK FIXES: Mend seams and sew on buttons. TRAVEL SIZE: Fits a suitcase. COMPLETE: Needles, thread, scissors and a tape measure. ORGANIZED: A zip case with elastic loops. NON-TOXIC: Conforms to common safety standards for art materials.","Arts, Crafts & Sewing › Sewing › Sewing Notions & Supplies › Sewing Kits",Brushwick,20.99,4.6,103,7554,[],
NB-00639,Petalworks Travel Sewing Kit | 90 Pieces | Storage Box | 38 Thread Colors,"COMPLETE: Needles, thread, scissors and a tape measure. ORGANIZED: A zip case with elastic loops. GREAT GIFT: For students and new homeowners. TRAVEL SIZE: Fits a suitcase. CREATIVE GIFT: A thoughtful gift for crafters of every age.","Arts, Crafts & Sewing › Sewing › Sewing Notions & Supplies › Sewing Kits",Petalworks,17.99,4.1,1640,8339,[],
NB-00640,Brushwick Deluxe Sewing Supplies Kit | 200 Pieces | Zip Case | 24 Thread Colors,"QUICK FIXES: Mend seams and sew on buttons. COMPLETE: Needles, thread, scissors and a tape measure. TRAVEL SIZE: Fits a suitcase. ORGANIZED: A zip case with elastic loops. MAKER SUPPORT: Ideas and how-to sheets included.","Arts, Crafts & Sewing › Sewing › Sewing Notions & Supplies › Sewing Kits",Brushwick,24.99,4.1,1783,7878,[],
NB-00641,Brushwick Adult Sewing Kit | 200 Pieces | Zip Case | 24 Thread Colors,"QUICK FIXES: Mend seams and sew on buttons. TRAVEL SIZE: Fits a suitcase. COMPLETE: Needles, thread, scissors and a tape measure. ORGANIZED: A zip case with elastic loops. NON-TOXIC: Conforms to common safety standards for art materials.","Arts, Crafts & Sewing › Sewing › Sewing Notions & Supplies › Sewing Kits",Brushwick,18.99,4.5,46,7353,[],
NB-00642,Petalworks Travel Sewing Kit | 200 Pieces | Zip Case | 24 Thread Colors,"TRAVEL SIZE: Fits a suitcase. COMPLETE: Needles, thread, scissors and a tape measure. ORGANIZED: A zip case with elastic loops. QUICK FIXES: Mend seams and sew on buttons. CREATIVE GIFT: A thoughtful gift for crafters of every age.","Arts, Crafts & Sewing › Sewing › Sewing Notions & Supplies › Sewing Kits",Petalworks,13.99,4.6,17786,7489,[],
NB-00643,Petalworks Quilting Cotton Fabric Bundle | 40 Pieces | Floral | 18 x 22 in,"MANY PROJECTS: Quilts, masks and pillows. QUILTING COTTON: Soft, tightly woven cotton. COLORFAST: Holds color in the wash. COORDINATED: Prints that go together. MAKER SUPPORT: Ideas and how-to sheets included.","Arts, Crafts & Sewing › Sewing › Fabric › Quilting Fabric",Petalworks,23.99,4.4,6595,7610,[],
NB-00644,Petalworks Charm Pack Squares | 40 Pieces | Floral | 5 x 5 in,"COORDINATED: Prints that go together. QUILTING COTTON: Soft, tightly woven cotton. MANY PROJECTS: Quilts, masks and pillows. PRECUT: Ready to sew, no measuring. CREATIVE GIFT: A thoughtful gift for crafters of every age.","Arts, Crafts & Sewing › Sewing › Fabric › Quilting Fabric",Petalworks,11.99,4.4,53196,7519,[],
NB-00645,Loomhart Precut Fat Quarters | 40 Pieces | Solids | 5 x 5 in,"MANY PROJECTS: Quilts, masks and pillows. QUILTING COTTON: Soft, tightly woven cotton. COLORFAST: Holds color in the wash. PRECUT: Ready to sew, no measuring. CREATIVE GIFT: A thoughtful gift for crafters of every age.","Arts, Crafts & Sewing › Sewing › Fabric › Quilting Fabric",Loomhart,23.99,4.7,271,7601,[],
NB-00646,Loomhart Quilting Cotton Fabric Bundle | 10 Pieces | Floral | 18 x 22 in,"COLORFAST: Holds color in the wash. COORDINATED: Prints that go together. MANY PROJECTS: Quilts, masks and pillows. QUILTING COTTON: Soft, tightly woven cotton. MAKER SUPPORT: Ideas and how-to sheets included.","Arts, Crafts & Sewing › Sewing › Fabric › Quilting Fabric",Loomhart,21.99,4.5,67,8234,[],
NB-00647,Petalworks Charm Pack Squares | 10 Pieces | Floral | 5 x 5 in,"COLORFAST: Holds color in the wash. QUILTING COTTON: Soft, tightly woven cotton. COORDINATED: Prints that go together. MANY PROJECTS: Quilts, masks and pillows. MAKER SUPPORT: Ideas and how-to sheets included.","Arts, Crafts & Sewing › Sewing › Fabric › Quilting Fabric",Petalworks,16.99,4.1,69,7751,[],
NB-00648,Petalworks Precut Fat Quarters | 10 Pieces | Floral | 5 x 5 in,"PRECUT: Ready to sew, no measuring. COORDINATED: Prints that go together. QUILTING COTTON: Soft, tightly woven cotton. MANY PROJECTS: Quilts, masks and pillows. CREATIVE GIFT: A thoughtful gift for crafters of every age.","Arts, Crafts & Sewing › Sewing › Fabric › Quilting Fabric",Petalworks,22.99,4.4,3186,8219,[],
NB-00649,Colorwell Cotton Crochet Yarn | 6 Skeins | Bulky Weight | Pastels,BEGINNER FRIENDLY: Great for learning to knit and crochet. MANY COLORS: Coordinated shades. MACHINE WASHABLE: Easy care finished pieces. EASY TO WORK: Smooth strands do not split. CREATIVE GIFT: A thoughtful gift for crafters of every age.,"Arts, Crafts & Sewing › Knitting & Crochet › Yarn",Colorwell,19.99,4.4,1451,7474,[],
NB-00650,Colorwell Acrylic Yarn Bundle | 6 Skeins | Bulky Weight | Pastels,EASY TO WORK: Smooth strands do not split. SOFT TOUCH: Soft enough for scarves and baby blankets. MANY COLORS: Coordinated shades. BEGINNER FRIENDLY: Great for learning to knit and crochet. MAKER SUPPORT: Ideas and how-to sheets included.,"Arts, Crafts & Sewing › Knitting & Crochet › Yarn",Colorwell,15.99,4.1,29514,8276,[],
NB-00651,Stitchmere Chunky Knitting Yarn | 6 Skeins | Worsted Weight | Pastels,MANY COLORS: Coordinated shades. SOFT TOUCH: Soft enough for scarves and baby blankets. MACHINE WASHABLE: Easy care finished pieces. EASY TO WORK: Smooth strands do not split. NON-TOXIC: Conforms to common safety standards for art materials.,"Arts, Crafts & Sewing › Knitting & Crochet › Yarn",Stitchmere,29.99,4.2,11515,7970,[],
NB-00652,Stitchmere Cotton Crochet Yarn | 3 Skeins | Worsted Weight | Pastels,SOFT TOUCH: Soft enough for scarves and baby blankets. MANY COLORS: Coordinated shades. MACHINE WASHABLE: Easy care finished pieces. BEGINNER FRIENDLY: Great for learning to knit and crochet. MAKER SUPPORT: Ideas and how-to sheets included.,"Arts, Crafts & Sewing › Knitting & Crochet › Yarn",Stitchmere,16.99,4.1,34826,7533,[],
NB-00653,Colorwell Acrylic Yarn Bundle | 3 Skeins | Bulky Weight | Rainbow,MACHINE WASHABLE: Easy care finished pieces. SOFT TOUCH: Soft enough for scarves and baby blankets. BEGINNER FRIENDLY: Great for learning to knit and crochet. EASY TO WORK: Smooth strands do not split. NON-TOXIC: Conforms to common safety standards for art materials.,"Arts, Crafts & Sewing › Knitting & Crochet › Yarn",Colorwell,12.99,4.8,173,7447,[],
NB-00654,Stitchmere Chunky Knitting Yarn | 3 Skeins | Worsted Weight | Pastels,MACHINE WASHABLE: Easy care finished pieces. SOFT TOUCH: Soft enough for scarves and baby blankets. BEGINNER FRIENDLY: Great for learning to knit and crochet. EASY TO WORK: Smooth strands do not split. CREATIVE GIFT: A thoughtful gift for crafters of every age.,"Arts, Crafts & Sewing › Knitting & Crochet › Yarn",Stitchmere,15.99,4.2,974,7669,[],
NB-00655,Colorwell Cotton Crochet Yarn | 12 Skeins | Bulky Weight | Pastels,MACHINE WASHABLE: Easy care finished pieces. EASY TO WORK: Smooth strands do not split. SOFT TOUCH: Soft enough for scarves and baby blankets. BEGINNER FRIENDLY: Great for learning to knit and crochet. CREATIVE GIFT: A thoughtful gift for crafters of every age.,"Arts, Crafts & Sewing › Knitting & Crochet › Yarn",Colorwell,17.99,4.3,6208,7546,[],
NB-00656,Loomhart Stackable Bead Organizer | Sand | With Handle | 2-Pack,"CARRY IT: A handle for moving between rooms. TIDY SUPPLIES: Sort paint, beads, ribbons and markers. ADJUSTABLE: Move dividers to fit supplies. SEE INSIDE: Clear sides show what is stored. MAKER SUPPORT: Ideas and how-to sheets included.","Arts, Crafts & Sewing › Organization, Storage & Transport › Storage Boxes & Organizers",Loomhart,17.99,4.4,21757,7352,[],
NB-00657,Crafthollow Craft Storage Organizer | Sand | With Handle | Single,SEE INSIDE: Clear sides show what is stored. ADJUSTABLE: Move dividers to fit supplies. CARRY IT: A handle for moving between rooms. STACKABLE: Saves shelf space. NON-TOXIC: Conforms to common safety standards for art materials.,"Arts, Crafts & Sewing › Organization, Storage & Transport › Storage Boxes & Organizers",Crafthollow,34.99,4.5,59,7307,[],
NB-00658,Crafthollow Portable Craft Caddy | Sand | Adjustable Dividers | 2-Pack,STACKABLE: Saves shelf space. ADJUSTABLE: Move dividers to fit supplies. CARRY IT: A handle for moving between rooms. SEE INSIDE: Clear sides show what is stored. MAKER SUPPORT: Ideas and how-to sheets included.,"Arts, Crafts & Sewing › Organization, Storage & Transport › Storage Boxes & Organizers",Crafthollow,20.99,4.0,5479,7604,[],
NB-00659,Paperwhim Stackable Bead Organizer | Mint | Adjustable Dividers | Single,"STACKABLE: Saves shelf space. SEE INSIDE: Clear sides show what is stored. TIDY SUPPLIES: Sort paint, beads, ribbons and markers. ADJUSTABLE: Move dividers to fit supplies. CREATIVE GIFT: A thoughtful gift for crafters of every age.","Arts, Crafts & Sewing › Organization, Storage & Transport › Storage Boxes & Organizers",Paperwhim,19.99,4.6,1207,7701,[],
NB-00660,Crafthollow Craft Storage Organizer | Mint | With Handle | 2-Pack,"STACKABLE: Saves shelf space. SEE INSIDE: Clear sides show what is stored. CARRY IT: A handle for moving between rooms. TIDY SUPPLIES: Sort paint, beads, ribbons and markers. NON-TOXIC: Conforms to common safety standards for art materials.","Arts, Crafts & Sewing › Organization, Storage & Transport › Storage Boxes & Organizers",Crafthollow,31.99,4.4,217,8095,[],
NB-00661,Roadwise Leather Key Fob Case | Single | Red | Lanyard,PROTECTS THE FOB: The cover guards the remote from scratches and drops. EASY TO FIND: Bright colors stand out in a bag. KEY RING: A sturdy ring keeps house keys together. SOFT TOUCH: Smooth leather feel. DRIVER TESTED: Tested on real commutes and road trips.,Automotive › Interior Accessories › Keychains,Roadwise,13.99,4.2,11768,7336,[],
NB-00662,Axlebright Silicone Key Fob Cover | Single | Black | Key Ring Included,BUTTON ACCESS: Press every button through the cover. PROTECTS THE FOB: The cover guards the remote from scratches and drops. EASY TO FIND: Bright colors stand out in a bag. SOFT TOUCH: Smooth leather feel. DRIVER TESTED: Tested on real commutes and road trips.,Automotive › Interior Accessories › Keychains,Axlebright,15.99,4.7,94,7321,[],
NB-00663,Roadwise Key Fob Cover with Keychain | Single | Red | Key Ring Included,EASY TO FIND: Bright colors stand out in a bag. KEY RING: A sturdy ring keeps house keys together. BUTTON ACCESS: Press every button through the cover. PROTECTS THE FOB: The cover guards the remote from scratches and drops. DRIVER TESTED: Tested on real commutes and road trips.,Automotive › Interior Accessories › Keychains,Roadwise,14.99,4.4,41451,7782,[],
NB-00664,Roadwise Leather Key Fob Case | 2-Pack | Red | Lanyard,"SOFT TOUCH: Smooth leather feel. PROTECTS THE FOB: The cover guards the remote from scratches and drops. KEY RING: A sturdy ring keeps house keys together. BUTTON ACCESS: Press every button through the cover. FITS MOST VEHICLES: Check the fit guide for cars, trucks and SUVs.",Automotive › Interior Accessories › Keychains,Roadwise,12.99,4.6,6450,7669,[],
NB-00665,Axlebright Silicone Key Fob Cover | 2-Pack | Tan | Lanyard,"PROTECTS THE FOB: The cover guards the remote from scratches and drops. KEY RING: A sturdy ring keeps house keys together. BUTTON ACCESS: Press every button through the cover. SOFT TOUCH: Smooth leather feel. FITS MOST VEHICLES: Check the fit guide for cars, trucks and SUVs.",Automotive › Interior Accessories › Keychains,Axlebright,10.99,4.1,180,8394,[],
NB-00666,Motorvane Key Fob Cover with Keychain | 2-Pack | Red | Lanyard,EASY TO FIND: Bright colors stand out in a bag. BUTTON ACCESS: Press every button through the cover. KEY RING: A sturdy ring keeps house keys together. PROTECTS THE FOB: The cover guards the remote from scratches and drops. DRIVER TESTED: Tested on real commutes and road trips.,Automotive › Interior Accessories › Keychains,Motorvane,10.99,4.7,9019,7404,[],
NB-00667,Roadwise Front Seat Covers | Black | Airbag Compatible | Neoprene,"PROTECTS SEATS: Guards against spills, pets and wear. AIRBAG SAFE: Side seams release for airbags. COMFORT: Padded foam for long drives. WATERPROOF: Wipe clean. EASY RETURNS: Not the right fit? Return it within 30 days.",Automotive › Interior Accessories › Seat Covers & Accessories › Seat Covers,Roadwise,62.99,4.8,17525,8189,[],
NB-00668,Roadwise Full Set Car Seat Covers | Black | Airbag Compatible | Neoprene,"EASY FIT: Straps and hooks install in minutes. AIRBAG SAFE: Side seams release for airbags. WATERPROOF: Wipe clean. COMFORT: Padded foam for long drives. FITS MOST VEHICLES: Check the fit guide for cars, trucks and SUVs.",Automotive › Interior Accessories › Seat Covers & Accessories › Seat Covers,Roadwise,63.99,4.2,28260,7845,[],
NB-00669,Roadwise Waterproof Seat Covers | Black | Airbag Compatible | Neoprene,"COMFORT: Padded foam for long drives. AIRBAG SAFE: Side seams release for airbags. EASY FIT: Straps and hooks install in minutes. WATERPROOF: Wipe clean. FITS MOST VEHICLES: Check the fit guide for cars, trucks and SUVs.",Automotive › Interior Accessories › Seat Covers & Accessories › Seat Covers,Roadwise,43.99,4.8,1820,7959,[],
NB-00670,Roadwise Front Seat Covers | Gray | Airbag Compatible | Leatherette,"WATERPROOF: Wipe clean. EASY FIT: Straps and hooks install in minutes. AIRBAG SAFE: Side seams release for airbags. PROTECTS SEATS: Guards against spills, pets and wear. FITS MOST VEHICLES: Check the fit guide for cars, trucks and SUVs.",Automotive › Interior Accessories › Seat Covers & Accessories › Seat Covers,Roadwise,45.99,4.5,34798,7518,[],
NB-00671,Motorvane Full Set Car Seat Covers | Gray | Airbag Compatible | Leatherette,"PROTECTS SEATS: Guards against spills, pets and wear. AIRBAG SAFE: Side seams release for airbags. COMFORT: Padded foam for long drives. EASY FIT: Straps and hooks install in minutes. EASY RETURNS: Not the right fit? Return it within 30 days.",Automotive › Interior Accessories › Seat Covers & Accessories › Seat Covers,Motorvane,56.99,4.4,1972,7731,[],
NB-00672,Motorvane Waterproof Seat Covers | Gray | Airbag Compatible | Leatherette,"COMFORT: Padded foam for long drives. PROTECTS SEATS: Guards against spills, pets and wear. AIRBAG SAFE: Side seams release for airbags. EASY FIT: Straps and hooks install in minutes. EASY RETURNS: Not the right fit? Return it within 30 days.",Automotive › Interior Accessories › Seat Covers & Accessories › Seat Covers,Motorvane,62.99,4.6,21619,8293,[],
NB-00673,Roadwise Heavy Duty Rubber Floor Mats | 3-Piece | Black | Trim to Fit,"NON-SLIP: Nibs grip the carpet. ALL WEATHER: Deep channels trap snow, mud and rain. ODOR FREE: No rubber smell. TRIM TO FIT: Cut along guides to fit your car. EASY RETURNS: Not the right fit? Return it within 30 days.",Automotive › Interior Accessories › Floor Mats & Cargo Liners › Floor Mats,Roadwise,58.99,4.3,175,8002,[],
NB-00674,Motorvane All Weather Floor Mats | 3-Piece | Tan | Deep Channels,"TRIM TO FIT: Cut along guides to fit your car. ODOR FREE: No rubber smell. NON-SLIP: Nibs grip the carpet. ALL WEATHER: Deep channels trap snow, mud and rain. FITS MOST VEHICLES: Check the fit guide for cars, trucks and SUVs.",Automotive › Interior Accessories › Floor Mats & Cargo Liners › Floor Mats,Motorvane,45.99,4.5,12602,8448,[],
NB-00675,Roadwise Trim to Fit Car Mats | 3-Piece | Tan | Trim to Fit,ODOR FREE: No rubber smell. TRIM TO FIT: Cut along guides to fit your car. NON-SLIP: Nibs grip the carpet. EASY CLEAN: Hose them off. DRIVER TESTED: Tested on real commutes and road trips.,Automotive › Interior Accessories › Floor Mats & Cargo Liners › Floor Mats,Roadwise,69.99,4.6,11909,7972,[],
NB-00676,Motorvane Heavy Duty Rubber Floor Mats | 4-Piece | Tan | Trim to Fit,"ALL WEATHER: Deep channels trap snow, mud and rain. TRIM TO FIT: Cut along guides to fit your car. EASY CLEAN: Hose them off. ODOR FREE: No rubber smell. DRIVER TESTED: Tested on real commutes and road trips.",Automotive › Interior Accessories › Floor Mats & Cargo Liners › Floor Mats,Motorvane,39.99,4.2,1713,7382,[],
NB-00677,Motorvane All Weather Floor Mats | 4-Piece | Tan | Deep Channels,"NON-SLIP: Nibs grip the carpet. ODOR FREE: No rubber smell. ALL WEATHER: Deep channels trap snow, mud and rain. EASY CLEAN: Hose them off. FITS MOST VEHICLES: Check the fit guide for cars, trucks and SUVs.",Automotive › Interior Accessories › Floor Mats & Cargo Liners › Floor Mats,Motorvane,64.99,4.7,127,8170,[],
NB-00678,Axlebright Trim to Fit Car Mats | 4-Piece | Black | Trim to Fit,"TRIM TO FIT: Cut along guides to fit your car. ODOR FREE: No rubber smell. NON-SLIP: Nibs grip the carpet. ALL WEATHER: Deep channels trap snow, mud and rain. EASY RETURNS: Not the right fit? Return it within 30 days.",Automotive › Interior Accessories › Floor Mats & Cargo Liners › Floor Mats,Axlebright,59.99,4.2,3229,8614,[],
NB-00679,Drivemere Car Detailing Kit | 9-Piece | Microfiber Mitt | pH Balanced Soap,"THICK FOAM: Lifts dirt before you scrub. SAFE ON PAINT: pH balanced soap. COMPLETE KIT: Bucket-ready everything. SHOWROOM SHINE: Soap, mitt and towels for a clean finish. FITS MOST VEHICLES: Check the fit guide for cars, trucks and SUVs.",Automotive › Car Care › Exterior Care › Car Wash Kits,Drivemere,33.99,4.6,1032,7481,[],
NB-00680,Gearhollow Foam Car Wash Set | 9-Piece | Microfiber Mitt | pH Balanced Soap,"COMPLETE KIT: Bucket-ready everything. SAFE ON PAINT: pH balanced soap. SHOWROOM SHINE: Soap, mitt and towels for a clean finish. MICROFIBER: Scratch-free drying. DRIVER TESTED: Tested on real commutes and road trips.",Automotive › Car Care › Exterior Care › Car Wash Kits,Gearhollow,36.99,4.2,1651,7496,[],
NB-00681,Gearhollow Car Wash Kit | 9-Piece | Microfiber Mitt | Wax Included,"COMPLETE KIT: Bucket-ready everything. THICK FOAM: Lifts dirt before you scrub. SAFE ON PAINT: pH balanced soap. SHOWROOM SHINE: Soap, mitt and towels for a clean finish. EASY RETURNS: Not the right fit? Return it within 30 days.",Automotive › Car Care › Exterior Care › Car Wash Kits,Gearhollow,39.99,4.2,158,8604,[],
NB-00682,Carrowby Car Detailing Kit | 12-Piece | Microfiber Mitt | Wax Included,SAFE ON PAINT: pH balanced soap. MICROFIBER: Scratch-free drying. COMPLETE KIT: Bucket-ready everything. THICK FOAM: Lifts dirt before you scrub. DRIVER TESTED: Tested on real commutes and road trips.,Automotive › Car Care › Exterior Care › Car Wash Kits,Carrowby,36.99,4.3,4860,8289,[],
NB-00683,Gearhollow Foam Car Wash Set | 12-Piece | Microfiber Mitt | Wax Included,"SAFE ON PAINT: pH balanced soap. SHOWROOM SHINE: Soap, mitt and towels for a clean finish. MICROFIBER: Scratch-free drying. THICK FOAM: Lifts dirt before you scrub. FITS MOST VEHICLES: Check the fit guide for cars, trucks and SUVs.",Automotive › Car Care › Exterior Care › Car Wash Kits,Gearhollow,36.99,4.4,8970,8577,[],
NB-00684,Carrowby Car Wash Kit | 12-Piece | Microfiber Mitt | Wax Included,"THICK FOAM: Lifts dirt before you scrub. MICROFIBER: Scratch-free drying. SHOWROOM SHINE: Soap, mitt and towels for a clean finish. SAFE ON PAINT: pH balanced soap. FITS MOST VEHICLES: Check the fit guide for cars, trucks and SUVs.",Automotive › Car Care › Exterior Care › Car Wash Kits,Carrowby,37.99,4.4,2570,7671,[],
NB-00685,Voltmere Auto Beam Wiper Blades | 24 + 18 inch | 2-Pack | Multi Adapter,"QUIET: Smooth, chatter-free wiping. LONG LIFE: Durable rubber edge. EASY INSTALL: Clicks onto most arms. ALL SEASON: Resists ice buildup. EASY RETURNS: Not the right fit? Return it within 30 days.",Automotive › Replacement Parts › Wipers & Parts › Wiper Blades,Voltmere Auto,33.99,4.1,11503,7377,[],
NB-00686,Voltmere Auto All Season Wiper Blades | 24 + 18 inch | Single | J-Hook Adapter,"ALL SEASON: Resists ice buildup. LONG LIFE: Durable rubber edge. QUIET: Smooth, chatter-free wiping. STREAK FREE: Clears rain and snow in one sweep. FITS MOST VEHICLES: Check the fit guide for cars, trucks and SUVs.",Automotive › Replacement Parts › Wipers & Parts › Wiper Blades,Voltmere Auto,15.99,4.8,11886,8208,[],
NB-00687,Trackstone Rear Wiper Blade | 24 + 18 inch | 2-Pack | J-Hook Adapter,"LONG LIFE: Durable rubber edge. EASY INSTALL: Clicks onto most arms. QUIET: Smooth, chatter-free wiping. ALL SEASON: Resists ice buildup. DRIVER TESTED: Tested on real commutes and road trips.",Automotive › Replacement Parts › Wipers & Parts › Wiper Blades,Trackstone,29.99,3.9,492,7317,[],
NB-00688,Trackstone Beam Wiper Blades | 26 + 16 inch | Single | J-Hook Adapter,"STREAK FREE: Clears rain and snow in one sweep. ALL SEASON: Resists ice buildup. QUIET: Smooth, chatter-free wiping. EASY INSTALL: Clicks onto most arms. DRIVER TESTED: Tested on real commutes and road trips.",Automotive › Replacement Parts › Wipers & Parts › Wiper Blades,Trackstone,15.99,4.4,1232,7455,[],
NB-00689,Roadwise All Season Wiper Blades | 26 + 16 inch | Single | J-Hook Adapter,"QUIET: Smooth, chatter-free wiping. EASY INSTALL: Clicks onto most arms. ALL SEASON: Resists ice buildup. STREAK FREE: Clears rain and snow in one sweep. DRIVER TESTED: Tested on real commutes and road trips.",Automotive › Replacement Parts › Wipers & Parts › Wiper Blades,Roadwise,22.99,4.7,1645,8396,[],
NB-00690,Roadwise Rear Wiper Blade | 26 + 16 inch | Single | Multi Adapter,"EASY INSTALL: Clicks onto most arms. STREAK FREE: Clears rain and snow in one sweep. ALL SEASON: Resists ice buildup. QUIET: Smooth, chatter-free wiping. FITS MOST VEHICLES: Check the fit guide for cars, trucks and SUVs.",Automotive › Replacement Parts › Wipers & Parts › Wiper Blades,Roadwise,31.99,4.2,43,8379,[],
NB-00691,Roadwise Beam Wiper Blades | 22 + 20 inch | Single | Multi Adapter,"ALL SEASON: Resists ice buildup. QUIET: Smooth, chatter-free wiping. EASY INSTALL: Clicks onto most arms. STREAK FREE: Clears rain and snow in one sweep. DRIVER TESTED: Tested on real commutes and road trips.",Automotive › Replacement Parts › Wipers & Parts › Wiper Blades,Roadwise,16.99,4.5,3489,7978,[],
NB-00692,Motorvane Waterproof Car Cover | Fits Sedans | Zipper Door | Silver,"SOFT LINING: Protects paint. ALL WEATHER: Keeps rain, snow and sun off the paint. DOOR ZIPPER: Reach inside without removing the cover. STORAGE BAG: Folds into a bag for the trunk. EASY RETURNS: Not the right fit? Return it within 30 days.",Automotive › Exterior Accessories › Covers › Car Covers,Motorvane,82.99,4.3,18739,7600,[],
NB-00693,Axlebright All Weather Car Cover | Fits Sedans | Zipper Door | Silver,"ALL WEATHER: Keeps rain, snow and sun off the paint. SOFT LINING: Protects paint. DOOR ZIPPER: Reach inside without removing the cover. STORAGE BAG: Folds into a bag for the trunk. EASY RETURNS: Not the right fit? Return it within 30 days.",Automotive › Exterior Accessories › Covers › Car Covers,Axlebright,40.99,4.3,50115,8201,[],
NB-00694,Motorvane Sedan Car Cover | Fits Sedans | Zipper Door | Gray,"ALL WEATHER: Keeps rain, snow and sun off the paint. DOOR ZIPPER: Reach inside without removing the cover. STORAGE BAG: Folds into a bag for the trunk. WINDPROOF: Straps hold it in a storm. FITS MOST VEHICLES: Check the fit guide for cars, trucks and SUVs.",Automotive › Exterior Accessories › Covers › Car Covers,Motorvane,59.99,4.6,36501,8579,[],
NB-00695,Motorvane Waterproof Car Cover | Fits SUVs | Zipper Door | Silver,"WINDPROOF: Straps hold it in a storm. SOFT LINING: Protects paint. ALL WEATHER: Keeps rain, snow and sun off the paint. STORAGE BAG: Folds into a bag for the trunk. FITS MOST VEHICLES: Check the fit guide for cars, trucks and SUVs.",Automotive › Exterior Accessories › Covers › Car Covers,Motorvane,71.99,4.4,77,8365,[],
NB-00696,Axlebright All Weather Car Cover | Fits SUVs | Zipper Door | Silver,"WINDPROOF: Straps hold it in a storm. STORAGE BAG: Folds into a bag for the trunk. ALL WEATHER: Keeps rain, snow and sun off the paint. DOOR ZIPPER: Reach inside without removing the cover. DRIVER TESTED: Tested on real commutes and road trips.",Automotive › Exterior Accessories › Covers › Car Covers,Axlebright,54.99,4.2,604,7456,[],
NB-00697,Trackstone Fog Light Bulbs | H11 | 3000K Yellow | 2-Pack,COOL RUNNING: A built-in fan. PLUG AND PLAY: Swaps with the old bulb. BRIGHTER ROAD: More light for night driving. LONG LIFE: Lasts for years. DRIVER TESTED: Tested on real commutes and road trips.,Automotive › Lights & Lighting Accessories › Headlight Bulbs,Trackstone,41.99,4.4,381,7396,[],
NB-00698,Drivemere LED Headlight Bulbs | H11 | 3000K Yellow | Single,PLUG AND PLAY: Swaps with the old bulb. BRIGHTER ROAD: More light for night driving. LONG LIFE: Lasts for years. CLEAN CUTOFF: A focused beam. DRIVER TESTED: Tested on real commutes and road trips.,Automotive › Lights & Lighting Accessories › Headlight Bulbs,Drivemere,41.99,4.6,249,7450,[],
NB-00699,Drivemere Halogen Headlight Bulbs | H11 | 6000K White | Single,CLEAN CUTOFF: A focused beam. BRIGHTER ROAD: More light for night driving. COOL RUNNING: A built-in fan. LONG LIFE: Lasts for years. DRIVER TESTED: Tested on real commutes and road trips.,Automotive › Lights & Lighting Accessories › Headlight Bulbs,Drivemere,25.99,4.1,761,8318,[],
NB-00700,Carrowby Fog Light Bulbs | 9005 | 3000K Yellow | Single,LONG LIFE: Lasts for years. COOL RUNNING: A built-in fan. PLUG AND PLAY: Swaps with the old bulb. BRIGHTER ROAD: More light for night driving. DRIVER TESTED: Tested on real commutes and road trips.,Automotive › Lights & Lighting Accessories › Headlight Bulbs,Carrowby,33.99,4.3,840,8546,[],
NB-00701,Trackstone LED Headlight Bulbs | 9005 | 6000K White | Single,"BRIGHTER ROAD: More light for night driving. PLUG AND PLAY: Swaps with the old bulb. LONG LIFE: Lasts for years. COOL RUNNING: A built-in fan. FITS MOST VEHICLES: Check the fit guide for cars, trucks and SUVs.",Automotive › Lights & Lighting Accessories › Headlight Bulbs,Trackstone,48.99,4.5,79,7462,[],
NB-00702,Trackstone Halogen Headlight Bulbs | 9005 | 3000K Yellow | 2-Pack,"COOL RUNNING: A built-in fan. PLUG AND PLAY: Swaps with the old bulb. BRIGHTER ROAD: More light for night driving. CLEAN CUTOFF: A focused beam. FITS MOST VEHICLES: Check the fit guide for cars, trucks and SUVs.",Automotive › Lights & Lighting Accessories › Headlight Bulbs,Trackstone,49.99,4.4,309,7875,[],
NB-00703,Voltmere Auto Cordless Air Compressor | Digital Gauge | Cordless | LED Light,"BRIGHT LIGHT: For roadside use at night. AUTO STOP: Set the pressure and it stops when reached. FAST: Tops off a tire in minutes. CORDLESS: Inflate anywhere. FITS MOST VEHICLES: Check the fit guide for cars, trucks and SUVs.",Automotive › Tools & Equipment › Tire Inflators,Voltmere Auto,38.99,4.3,13408,8126,[],
NB-00704,Roadwise 12V Tire Pump | Digital Gauge | 12V Plug | Carry Bag,"MANY USES: Bikes, balls and pool floats. CORDLESS: Inflate anywhere. FAST: Tops off a tire in minutes. AUTO STOP: Set the pressure and it stops when reached. EASY RETURNS: Not the right fit? Return it within 30 days.",Automotive › Tools & Equipment › Tire Inflators,Roadwise,58.99,4.1,712,7558,[],
NB-00705,Voltmere Auto Portable Tire Inflator | Digital Gauge | 12V Plug | LED Light,"MANY USES: Bikes, balls and pool floats. BRIGHT LIGHT: For roadside use at night. FAST: Tops off a tire in minutes. CORDLESS: Inflate anywhere. FITS MOST VEHICLES: Check the fit guide for cars, trucks and SUVs.",Automotive › Tools & Equipment › Tire Inflators,Voltmere Auto,55.99,4.1,9701,7644,[],
NB-00706,Voltmere Auto Cordless Air Compressor | Auto Shut-Off | Cordless | Carry Bag,"BRIGHT LIGHT: For roadside use at night. CORDLESS: Inflate anywhere. FAST: Tops off a tire in minutes. AUTO STOP: Set the pressure and it stops when reached. FITS MOST VEHICLES: Check the fit guide for cars, trucks and SUVs.",Automotive › Tools & Equipment › Tire Inflators,Voltmere Auto,55.99,4.7,308,8523,[],
NB-00707,Voltmere Auto 12V Tire Pump | Auto Shut-Off | Cordless | LED Light,"AUTO STOP: Set the pressure and it stops when reached. MANY USES: Bikes, balls and pool floats. BRIGHT LIGHT: For roadside use at night. CORDLESS: Inflate anywhere. DRIVER TESTED: Tested on real commutes and road trips.",Automotive › Tools & Equipment › Tire Inflators,Voltmere Auto,58.99,4.3,1290,7658,[],
NB-00708,Roadwise Portable Tire Inflator | Auto Shut-Off | 12V Plug | LED Light,"CORDLESS: Inflate anywhere. BRIGHT LIGHT: For roadside use at night. AUTO STOP: Set the pressure and it stops when reached. MANY USES: Bikes, balls and pool floats. DRIVER TESTED: Tested on real commutes and road trips.",Automotive › Tools & Equipment › Tire Inflators,Roadwise,31.99,4.1,1441,7446,[],
NB-00709,Motorvane Motorcycle Riding Gloves | Medium | Knuckle Protection | Black,"GRIP: Firm hold on the throttle. BREATHABLE: Mesh keeps hands cool. PROTECTION: Hard knuckles and padded palms. TOUCHSCREEN: Use a phone at stops. FITS MOST VEHICLES: Check the fit guide for cars, trucks and SUVs.",Automotive › Motorcycle & Powersports › Protective Gear › Riding Gloves,Motorvane,24.99,4.4,2989,8091,[],
NB-00710,Drivemere Touchscreen Motorcycle Gloves | Medium | Vented Mesh | Gray,PROTECTION: Hard knuckles and padded palms. BREATHABLE: Mesh keeps hands cool. SECURE FIT: Hook-and-loop wrist strap. TOUCHSCREEN: Use a phone at stops. EASY RETURNS: Not the right fit? Return it within 30 days.,Automotive › Motorcycle & Powersports › Protective Gear › Riding Gloves,Drivemere,26.99,4.2,541,8438,[],
NB-00711,Gearhollow Summer Riding Gloves | Medium | Vented Mesh | Black,SECURE FIT: Hook-and-loop wrist strap. PROTECTION: Hard knuckles and padded palms. GRIP: Firm hold on the throttle. TOUCHSCREEN: Use a phone at stops. EASY RETURNS: Not the right fit? Return it within 30 days.,Automotive › Motorcycle & Powersports › Protective Gear › Riding Gloves,Gearhollow,41.99,4.7,10494,8131,[],
NB-00712,Gearhollow Motorcycle Riding Gloves | Large | Vented Mesh | Gray,SECURE FIT: Hook-and-loop wrist strap. TOUCHSCREEN: Use a phone at stops. BREATHABLE: Mesh keeps hands cool. PROTECTION: Hard knuckles and padded palms. DRIVER TESTED: Tested on real commutes and road trips.,Automotive › Motorcycle & Powersports › Protective Gear › Riding Gloves,Gearhollow,20.99,4.6,22644,8276,[],
NB-00713,Gearhollow Touchscreen Motorcycle Gloves | Large | Vented Mesh | Gray,BREATHABLE: Mesh keeps hands cool. PROTECTION: Hard knuckles and padded palms. TOUCHSCREEN: Use a phone at stops. SECURE FIT: Hook-and-loop wrist strap. EASY RETURNS: Not the right fit? Return it within 30 days.,Automotive › Motorcycle & Powersports › Protective Gear › Riding Gloves,Gearhollow,36.99,4.3,9075,8179,[],
NB-00714,Drivemere Summer Riding Gloves | Large | Knuckle Protection | Gray,"PROTECTION: Hard knuckles and padded palms. BREATHABLE: Mesh keeps hands cool. SECURE FIT: Hook-and-loop wrist strap. GRIP: Firm hold on the throttle. FITS MOST VEHICLES: Check the fit guide for cars, trucks and SUVs.",Automotive › Motorcycle & Powersports › Protective Gear › Riding Gloves,Drivemere,32.99,4.3,3355,7319,[],
NB-00715,Voltmere Auto Car Battery Jump Starter | 2000A | USB Charging | Case Included,SAFE CLAMPS: Protection against reverse polarity. PHONE CHARGER: Doubles as a power bank. COMPACT: Fits in the glovebox. START ANYWHERE: Jump a dead battery without another car. EASY RETURNS: Not the right fit? Return it within 30 days.,Automotive › Tools & Equipment › Jump Starters,Voltmere Auto,110.99,4.6,2547,7714,[],
NB-00716,Roadwise Jump Starter Power Pack | 2000A | USB Charging | Smart Clamps,"PHONE CHARGER: Doubles as a power bank. SAFE CLAMPS: Protection against reverse polarity. COMPACT: Fits in the glovebox. HOLDS CHARGE: Stays ready for months. FITS MOST VEHICLES: Check the fit guide for cars, trucks and SUVs.",Automotive › Tools & Equipment › Jump Starters,Roadwise,62.99,4.1,2438,8388,[],
NB-00717,Axlebright Portable Jump Starter | 2000A | LED Light | Case Included,"START ANYWHERE: Jump a dead battery without another car. SAFE CLAMPS: Protection against reverse polarity. HOLDS CHARGE: Stays ready for months. COMPACT: Fits in the glovebox. FITS MOST VEHICLES: Check the fit guide for cars, trucks and SUVs.",Automotive › Tools & Equipment › Jump Starters,Axlebright,100.99,4.3,154,7700,[],
NB-00718,Voltmere Auto Car Battery Jump Starter | 1500A | LED Light | Smart Clamps,SAFE CLAMPS: Protection against reverse polarity. COMPACT: Fits in the glovebox. PHONE CHARGER: Doubles as a power bank. HOLDS CHARGE: Stays ready for months. EASY RETURNS: Not the right fit? Return it within 30 days.,Automotive › Tools & Equipment › Jump Starters,Voltmere Auto,75.99,4.4,132,7663,[],
NB-00719,Voltmere Auto Jump Starter Power Pack | 1500A | USB Charging | Case Included,HOLDS CHARGE: Stays ready for months. COMPACT: Fits in the glovebox. PHONE CHARGER: Doubles as a power bank. SAFE CLAMPS: Protection against reverse polarity. EASY RETURNS: Not the right fit? Return it within 30 days.,Automotive › Tools & Equipment › Jump Starters,Voltmere Auto,72.99,4.6,5211,7825,[],
NB-00720,Axlebright Portable Jump Starter | 1500A | USB Charging | Case Included,HOLDS CHARGE: Stays ready for months. SAFE CLAMPS: Protection against reverse polarity. START ANYWHERE: Jump a dead battery without another car. COMPACT: Fits in the glovebox. DRIVER TESTED: Tested on real commutes and road trips.,Automotive › Tools & Equipment › Jump Starters,Axlebright,99.99,4.3,1438,7846,[],
